id,observed_on,latitude,longitude,scientific_name,common_name,iconic_taxon_name
Kentfield,11/12/11,37.95584869,-122.5495987,Sequoia sempervirens,coast redwood,Plantae
Kentfield,3/13/14,37.95630322,-122.5496202,Nemophila menziesii,baby blue eyes,Plantae
Kentfield,5/19/14,37.950905,-122.5450133,Elanus leucurus,White-tailed Kite,Aves
Kentfield,10/29/14,37.94817,-122.5461117,Harmonia axyridis,Asian Lady Beetle,Insecta
Kentfield,9/16/15,37.951425,-122.5482667,Ardea alba,Great Egret,Aves
Kentfield,10/13/15,37.955677,-122.550804,Epilobium canum,California fuchsia,Plantae
Kentfield,10/7/15,37.9566,-122.550516,Polistes dominula,European Paper Wasp,Insecta
Kentfield,1/24/10,37.9521994,-122.5499389,Corvus brachyrhynchos,American Crow,Aves
Kentfield,5/3/17,37.95015833,-122.5458367,Haemorhous mexicanus,House Finch,Aves
Kentfield,5/3/17,37.95003,-122.5459367,Tachycineta thalassina,Violet-green Swallow,Aves
Kentfield,3/18/17,37.95634667,-122.5496217,Nemophila menziesii,baby blue eyes,Plantae
Kentfield,3/17/15,37.9559503,-122.5509948,Boisea rubrolineata,Western Boxelder Bug,Insecta
Kentfield,12/29/17,37.95283705,-122.5471109,Megaceryle alcyon,Belted Kingfisher,Aves
Kentfield,12/29/17,37.95283705,-122.5471109,Bucephala clangula,Common Goldeneye,Aves
Kentfield,12/29/17,37.95283705,-122.5471109,Bucephala albeola,Bufflehead,Aves
Kentfield,12/29/17,37.95283705,-122.5471109,Ardea alba,Great Egret,Aves
Kentfield,12/29/17,37.95283705,-122.5471109,Zenaida macroura,Mourning Dove,Aves
Kentfield,12/29/17,37.95283705,-122.5471109,Branta canadensis,Canada Goose,Aves
Kentfield,12/29/17,37.95283705,-122.5471109,Egretta thula,Snowy Egret,Aves
Kentfield,12/29/17,37.95283705,-122.5471109,Himantopus mexicanus,Black-necked Stilt,Aves
Kentfield,12/29/17,37.95283705,-122.5471109,Mareca americana,American Wigeon,Aves
Kentfield,12/29/17,37.95283705,-122.5471109,Nycticorax nycticorax,Black-crowned Night Heron,Aves
Kentfield,12/29/17,37.95283705,-122.5471109,Fulica americana,American Coot,Aves
Kentfield,4/2/18,37.95597408,-122.5503659,Achillea millefolium,common yarrow,Plantae
Kentfield,4/2/18,37.95597408,-122.5503659,Vicia benghalensis,reddish tufted vetch,Plantae
Kentfield,4/30/18,37.94914667,-122.5476617,Cotula coronopifolia,Brass Buttons,Plantae
Kentfield,4/30/18,37.94909667,-122.5474917,Jaumea carnosa,Marsh Jaumea,Plantae
Kentfield,4/30/18,37.94915833,-122.5474083,Raphanus raphanistrum sativus,garden radish,Plantae
Kentfield,4/30/18,37.94920333,-122.5473783,Distichlis spicata,Saltgrass,Plantae
Kentfield,4/30/18,37.94920333,-122.5473783,Frankenia salina,Alkali Heath,Plantae
Kentfield,4/30/18,37.94920333,-122.5473783,Salicornia pacifica,Pacific Glasswort,Plantae
Kentfield,5/18/18,37.95264435,-122.5487671,Delphinium nudicaule,Red larkspur,Plantae
Kentfield,9/19/18,37.95444167,-122.5486217,Araneus diadematus,Cross Orbweaver,Arachnida
Kentfield,1/17/19,37.94981277,-122.5485873,Quercus agrifolia,coast live oak,Plantae
Kentfield,1/17/19,37.94913645,-122.5473666,Geukensia demissa,Atlantic Ribbed Mussel,Mollusca
Kentfield,1/17/19,37.949,-122.5473717,Raphanus raphanistrum sativus,garden radish,Plantae
Kentfield,1/17/19,37.94855833,-122.54718,Baccharis pilularis,coyote brush,Plantae
Kentfield,1/17/19,37.94878333,-122.5460133,Foeniculum vulgare,fennel,Plantae
Kentfield,1/17/19,37.94884167,-122.545875,Malva,Mallows,Plantae
Kentfield,1/17/19,37.947925,-122.5445117,Volvopluteus gloiocephalus,Stubble Rosegill,Fungi
Kentfield,1/17/19,37.94785,-122.5443633,Geukensia demissa,Atlantic Ribbed Mussel,Mollusca
Kentfield,1/17/19,37.947555,-122.5437167,Egretta thula,Snowy Egret,Aves
Kentfield,1/17/19,37.94749167,-122.5432133,Foeniculum vulgare,fennel,Plantae
Kentfield,1/17/19,37.94856333,-122.547255,Collybia nuda,Blewit,Fungi
Kentfield,1/17/19,37.95010833,-122.548745,Rapistrum rugosum,annual bastard cabbage,Plantae
Kentfield,1/17/19,37.94820333,-122.5478367,Distichlis spicata,Saltgrass,Plantae
Kentfield,1/17/19,37.94815833,-122.5477,Collybia nuda,Blewit,Fungi
Kentfield,1/17/19,37.94804667,-122.5469883,Genista monspessulana,French broom,Plantae
Kentfield,1/17/19,37.94796667,-122.5478533,Anas platyrhynchos,Mallard,Aves
Kentfield,1/17/19,37.947425,-122.543175,Spartium junceum,Spanish Broom,Plantae
Kentfield,1/17/19,37.94746333,-122.54322,Ardea alba,Great Egret,Aves
Kentfield,1/17/19,37.94745333,-122.543245,Anas platyrhynchos,Mallard,Aves
Kentfield,1/17/19,37.94868,-122.5464333,Erodium moschatum,musk stork's-bill,Plantae
Kentfield,1/17/19,37.94827167,-122.5449133,Foeniculum vulgare,fennel,Plantae
Kentfield,1/17/19,37.94875833,-122.54577,Genista monspessulana,French broom,Plantae
Kentfield,1/17/19,37.94882167,-122.545905,Acacia dealbata,Silver wattle,Plantae
Kentfield,1/17/19,37.94998,-122.5485533,Paraserianthes lophantha,Plume Albizia,Plantae
Kentfield,1/17/19,37.948555,-122.5472333,Baccharis pilularis,coyote brush,Plantae
Kentfield,1/17/19,37.94856333,-122.5472033,Collybia nuda,Blewit,Fungi
Kentfield,1/17/19,37.94861667,-122.5467383,Grindelia stricta,Oregon Gumplant,Plantae
Kentfield,1/17/19,37.94868333,-122.546805,Senecio vulgaris,common groundsel,Plantae
Kentfield,1/17/19,37.94883667,-122.545945,Acacia dealbata,Silver wattle,Plantae
Kentfield,1/17/19,37.94868333,-122.5456,Foeniculum vulgare,fennel,Plantae
Kentfield,1/17/19,37.94747167,-122.5436333,Ardea alba,Great Egret,Aves
Kentfield,1/17/19,37.94847833,-122.546805,Branta canadensis,Canada Goose,Aves
Kentfield,1/17/19,37.94774759,-122.5439439,Egretta thula,Snowy Egret,Aves
Kentfield,1/17/19,37.94756164,-122.5437145,Ardea alba,Great Egret,Aves
Kentfield,1/21/19,37.95477,-122.5484167,Leratiomyces percevalii,Mulch Maids,Fungi
Kentfield,1/21/19,37.95521667,-122.5491417,Tubaria furfuracea,scurfy twiglet,Fungi
Kentfield,1/21/19,37.95559667,-122.54943,Leratiomyces percevalii,Mulch Maids,Fungi
Kentfield,1/21/19,37.95641333,-122.5489717,Coprinopsis lagopus,hare's foot inkcap,Fungi
Kentfield,1/21/19,37.95639667,-122.5489883,Tubaria furfuracea,scurfy twiglet,Fungi
Kentfield,1/21/19,37.95647833,-122.5488283,Gymnopus brassicolens,Cabbage Parachute,Fungi
Kentfield,1/21/19,37.95655,-122.548905,Leratiomyces percevalii,Mulch Maids,Fungi
Kentfield,1/17/19,37.94856667,-122.5471883,Collybia nuda,Blewit,Fungi
Kentfield,1/17/19,37.948595,-122.5472033,Baccharis pilularis,coyote brush,Plantae
Kentfield,1/17/19,37.948775,-122.545775,Genista monspessulana,French broom,Plantae
Kentfield,1/17/19,37.948805,-122.54605,Foeniculum vulgare,fennel,Plantae
Kentfield,1/17/19,37.94778,-122.54397,Foeniculum vulgare,fennel,Plantae
Kentfield,1/17/19,37.94827167,-122.5449133,Foeniculum vulgare,fennel,Plantae
Kentfield,1/17/19,37.94868,-122.545595,Foeniculum vulgare,fennel,Plantae
Kentfield,1/17/19,37.94853333,-122.5467083,Branta canadensis,Canada Goose,Aves
Kentfield,1/17/19,37.94850833,-122.5457617,Acacia dealbata,Silver wattle,Plantae
Kentfield,1/17/19,37.94751667,-122.543695,Egretta thula,Snowy Egret,Aves
Kentfield,1/17/19,37.949045,-122.547425,Rallus obsoletus,Ridgway's Rail,Aves
Kentfield,1/17/19,37.948545,-122.5472033,Baccharis pilularis,coyote brush,Plantae
Kentfield,1/17/19,37.94853667,-122.54722,Collybia nuda,Blewit,Fungi
Kentfield,1/17/19,37.94850833,-122.5467083,Branta canadensis,Canada Goose,Aves
Kentfield,1/17/19,37.94855,-122.5466783,Sonchus asper,prickly sowthistle,Plantae
Kentfield,1/17/19,37.94869167,-122.5466167,Senecio vulgaris,common groundsel,Plantae
Kentfield,1/17/19,37.94873833,-122.5463783,Raphanus raphanistrum sativus,garden radish,Plantae
Kentfield,1/17/19,37.94831167,-122.54493,Foeniculum vulgare,fennel,Plantae
Kentfield,1/17/19,37.94858833,-122.5472033,Collybia nuda,Blewit,Fungi
Kentfield,1/17/19,37.94851333,-122.5467383,Branta canadensis,Canada Goose,Aves
Kentfield,1/17/19,37.94752167,-122.543655,Ardea alba,Great Egret,Aves
Kentfield,1/17/19,37.94856085,-122.5472103,Volvopluteus gloiocephalus,Stubble Rosegill,Fungi
Kentfield,1/17/19,37.9485687,-122.5472064,Bolbitius titubans,yellow fieldcap,Fungi
Kentfield,1/17/19,37.94817563,-122.5447779,Flavoparmelia caperata,common greenshield lichen,Fungi
Kentfield,1/17/19,37.94796306,-122.5447092,Raphanus raphanistrum sativus,garden radish,Plantae
Kentfield,1/17/19,37.94875769,-122.5465793,Salicornia pacifica,Pacific Glasswort,Plantae
Kentfield,1/17/19,37.94851486,-122.5472335,Collybia nuda,Blewit,Fungi
Kentfield,1/17/19,37.94879397,-122.545797,Quercus agrifolia,coast live oak,Plantae
Kentfield,1/17/19,37.94853374,-122.547306,Baccharis pilularis,coyote brush,Plantae
Kentfield,1/17/19,37.94946395,-122.5481508,Stereum hirsutum,hairy curtain crust,Fungi
Kentfield,1/17/19,37.94945976,-122.5481333,Trametes versicolor,turkey-tail,Fungi
Kentfield,1/17/19,37.94831167,-122.54493,Foeniculum vulgare,fennel,Plantae
Kentfield,1/17/19,37.94869167,-122.5466167,Senecio vulgaris,common groundsel,Plantae
Kentfield,1/17/19,37.94855833,-122.5466,Branta canadensis,Canada Goose,Aves
Kentfield,1/17/19,37.94853667,-122.54722,Collybia nuda,Blewit,Fungi
Kentfield,1/17/19,37.949045,-122.547425,Rallus obsoletus,Ridgway's Rail,Aves
Kentfield,2/6/19,37.95587335,-122.5505048,Bolbitius titubans,yellow fieldcap,Fungi
Kentfield,2/13/19,37.95584002,-122.5506316,Sequoia sempervirens,coast redwood,Plantae
Kentfield,2/13/19,37.95584728,-122.5505741,Robertium,,Plantae
Kentfield,2/13/19,37.95586805,-122.5505522,Sequoia sempervirens,coast redwood,Plantae
Kentfield,2/13/19,37.95585483,-122.550601,Sequoia sempervirens,coast redwood,Plantae
Kentfield,2/23/19,37.95639167,-122.5487283,Leratiomyces percevalii,Mulch Maids,Fungi
Kentfield,7/2/19,37.95064545,-122.5471725,Egretta thula,Snowy Egret,Aves
Kentfield,5/3/18,37.95475088,-122.5512943,Papilio zelicaon,Anise Swallowtail,Insecta
Kentfield,9/7/19,37.95105167,-122.5495717,Odocoileus hemionus columbianus,Columbian Black-tailed Deer,Mammalia
Kentfield,10/1/19,37.95483398,-122.5502396,Quercus lobata,valley oak,Plantae
Kentfield,10/3/19,37.95134437,-122.5456508,Mareca americana,American Wigeon,Aves
Kentfield,10/29/19,37.9567337,-122.5496445,Accipiter striatus,Sharp-shinned Hawk,Aves
Kentfield,11/3/19,37.95419312,-122.5464172,Bombycilla cedrorum,Cedar Waxwing,Aves
Kentfield,11/8/19,37.9516569,-122.5439651,Lophodytes cucullatus,Hooded Merganser,Aves
Kentfield,12/12/19,37.95375,-122.5473467,Leocarpus fragilis,insect-egg slime,Protozoa
Kentfield,1/8/20,37.95513153,-122.5515747,Eschscholzia californica,California poppy,Plantae
Kentfield,1/25/20,37.95245361,-122.5484085,Hericium abietis,Bear's head,Fungi
Kentfield,2/13/20,37.94954167,-122.5456,Acacia dealbata,Silver wattle,Plantae
Kentfield,2/16/20,37.95373667,-122.5459283,Acacia dealbata,Silver wattle,Plantae
Kentfield,2/22/20,37.95609664,-122.5491779,Eschscholzia californica,California poppy,Plantae
Kentfield,2/22/20,37.95694514,-122.5495455,Polystichum munitum,western sword fern,Plantae
Kentfield,2/22/20,37.95657013,-122.5496571,Sequoia sempervirens,coast redwood,Plantae
Kentfield,2/22/20,37.9553368,-122.5495659,Corvus brachyrhynchos,American Crow,Aves
Kentfield,1/25/20,37.95245278,-122.5484083,Dryopteris arguta,coastal woodfern,Plantae
Kentfield,3/21/20,37.9551583,-122.5510814,Achillea millefolium,common yarrow,Plantae
Kentfield,3/21/20,37.9552752,-122.5509609,Borago officinalis,Borage,Plantae
Kentfield,3/21/20,37.9550611,-122.5512248,Anas platyrhynchos,Mallard,Aves
Kentfield,3/25/20,37.9560704,-122.5491032,Galium aparine,catchweed bedstraw,Plantae
Kentfield,3/25/20,37.9551735,-122.5496159,Taraxacum,dandelions,Plantae
Kentfield,3/25/20,37.9551114,-122.5499619,Euphorbia peplus,Petty Spurge,Plantae
Kentfield,3/26/20,37.95531797,-122.55096,Eschscholzia californica,California poppy,Plantae
Kentfield,3/26/20,37.95487597,-122.551217,Eschscholzia californica,California poppy,Plantae
Kentfield,3/29/20,37.95613697,-122.550595,Geranium purpureum,Little-Robin,Plantae
Kentfield,3/24/20,37.9571264,-122.5504819,Coprinellus flocculosus,flocculose inkcap,Fungi
Kentfield,3/24/20,37.9559136,-122.5503804,Umbellularia californica,California bay,Plantae
Kentfield,3/24/20,37.9552752,-122.5506971,Eschscholzia californica,California poppy,Plantae
Kentfield,3/24/20,37.9558911,-122.5497006,Hordeum murinum,wall barley,Plantae
Kentfield,3/24/20,37.9564468,-122.5490494,Allium triquetrum,Three-cornered garlic,Plantae
Kentfield,3/24/20,37.9564468,-122.5490494,Apis mellifera,Western Honey Bee,Insecta
Kentfield,3/24/20,37.9564399,-122.5492758,Taraxacum,dandelions,Plantae
Kentfield,3/24/20,37.9569536,-122.5495293,Galium aparine,catchweed bedstraw,Plantae
Kentfield,3/24/20,37.9569536,-122.5495293,Corvus brachyrhynchos,American Crow,Aves
Kentfield,3/24/20,37.9560781,-122.5494897,Epilobium ciliatum,fringed willowherb,Plantae
Kentfield,4/4/20,37.9569003,-122.5506951,Allium triquetrum,Three-cornered garlic,Plantae
Kentfield,4/4/20,37.95555997,-122.550903,Cornu aspersum,Garden Snail,Mollusca
Kentfield,4/4/20,37.95703497,-122.550629,Leratiomyces percevalii,Mulch Maids,Fungi
Kentfield,4/7/20,37.95706,-122.549872,Polystichum munitum,western sword fern,Plantae
Kentfield,4/11/20,37.95436676,-122.5505668,Calendula officinalis,pot marigold,Plantae
Kentfield,4/11/20,37.9543041,-122.5507274,Nigella damascena,love-in-a-mist,Plantae
Kentfield,4/11/20,37.95435381,-122.5505792,Trifolium hirtum,Rose Clover,Plantae
Kentfield,4/14/20,37.95599127,-122.5509235,Borago officinalis,Borage,Plantae
Kentfield,4/17/20,37.955226,-122.550844,Iris douglasiana,Douglas iris,Plantae
Kentfield,4/21/20,37.956425,-122.549867,Euphorbia peplus,Petty Spurge,Plantae
Kentfield,6/9/20,37.95408833,-122.548425,Butorides virescens,Green Heron,Aves
Kentfield,7/17/20,37.95163,-122.54557,Eriogonum fasciculatum,California Buckwheat,Plantae
Kentfield,8/5/20,37.95096319,-122.5474976,Heteromeles arbutifolia,Toyon,Plantae
Kentfield,9/17/20,37.95663945,-122.5490503,Amphibolips quercuspomiformis,Live Oak Apple Gall Wasp,Insecta
Kentfield,11/20/20,37.95119903,-122.5455801,Bucephala clangula,Common Goldeneye,Aves
Kentfield,12/26/20,37.95546667,-122.550055,Danaus plexippus,Monarch,Insecta
Kentfield,12/26/20,37.94908142,-122.5460165,Ardea alba,Great Egret,Aves
Kentfield,12/26/20,37.94916814,-122.5475475,Megaceryle alcyon,Belted Kingfisher,Aves
Kentfield,2/17/21,37.95420838,-122.5499907,Calendula officinalis,pot marigold,Plantae
Kentfield,3/2/21,37.94862157,-122.547311,Cotula coronopifolia,Brass Buttons,Plantae
Kentfield,3/12/21,37.95387359,-122.5538657,Leratiomyces percevalii,Mulch Maids,Fungi
Kentfield,3/13/21,37.955445,-122.54978,Selasphorus sasin,Allen's Hummingbird,Aves
Kentfield,3/24/21,37.95404667,-122.5508283,Eschscholzia californica,California poppy,Plantae
Kentfield,3/28/21,37.95477222,-122.5502389,Vinca major,greater periwinkle,Plantae
Kentfield,3/29/21,37.95738056,-122.550325,Hedera helix,common ivy,Plantae
Kentfield,3/29/21,37.955875,-122.5513444,Vicia benghalensis,reddish tufted vetch,Plantae
Kentfield,3/29/21,37.95647222,-122.5509806,Hordeum murinum,wall barley,Plantae
Kentfield,4/14/21,37.94952,-122.5483383,Charadrius vociferus,Killdeer,Aves
Kentfield,4/24/21,37.94697664,-122.5452054,Microtus californicus,California Vole,Mammalia
Kentfield,5/1/21,37.94997833,-122.5476617,Convolvulus arvensis,field bindweed,Plantae
Kentfield,5/1/21,37.94996333,-122.5476083,Conium maculatum,poison hemlock,Plantae
Kentfield,5/1/21,37.94983333,-122.5473783,Tragopogon porrifolius,purple salsify,Plantae
Kentfield,5/1/21,37.94979667,-122.5474033,Vinca major,greater periwinkle,Plantae
Kentfield,5/1/21,37.94988833,-122.547975,Hypochaeris glabra,Smooth Cat's Ear,Plantae
Kentfield,5/1/21,37.949105,-122.5473467,Melilotus indicus,small melilot,Plantae
Kentfield,5/1/21,37.94949667,-122.5475467,Frankenia salina,Alkali Heath,Plantae
Kentfield,5/1/21,37.94977,-122.5477217,Foeniculum vulgare,fennel,Plantae
Kentfield,5/1/21,37.94977,-122.5477133,Salicornia pacifica,Pacific Glasswort,Plantae
Kentfield,5/1/21,37.95010833,-122.5482033,Carduus pycnocephalus,Italian thistle,Plantae
Kentfield,5/1/21,37.9501,-122.5482167,Euphorbia oblongata,eggleaf spurge,Plantae
Kentfield,5/1/21,37.95009167,-122.548295,Raphanus raphanistrum sativus,garden radish,Plantae
Kentfield,4/30/21,37.9568551,-122.5504999,Umbellularia californica,California bay,Plantae
Kentfield,5/9/21,37.95159167,-122.5456917,Himantopus mexicanus,Black-necked Stilt,Aves
Kentfield,5/12/21,37.955405,-122.5512383,Noctua pronuba,Large Yellow Underwing,Insecta
Kentfield,5/13/21,37.95210167,-122.5504162,Sequoia sempervirens,coast redwood,Plantae
Kentfield,5/14/21,37.95366944,-122.5498556,Phyla nodiflora,turkey tangle frogfruit,Plantae
Kentfield,5/14/21,37.95366944,-122.5498556,Tanacetum parthenium,feverfew,Plantae
Kentfield,5/14/21,37.95373333,-122.5498639,Equisetum telmateia,great horsetail,Plantae
Kentfield,5/14/21,37.95475833,-122.5498444,Iris × germanica,Bearded iris,Plantae
Kentfield,5/14/21,37.95497222,-122.5501889,Umbellularia californica,California bay,Plantae
Kentfield,6/2/21,37.94931287,-122.5486381,Rallus obsoletus,Ridgway's Rail,Aves
Kentfield,6/2/21,37.94932741,-122.5488207,Rallus obsoletus,Ridgway's Rail,Aves
Kentfield,7/7/21,37.9543986,-122.5510047,Quercus lobata,valley oak,Plantae
Kentfield,7/15/21,37.95166366,-122.5455374,Eriogonum fasciculatum,California Buckwheat,Plantae
Kentfield,7/30/21,37.95503333,-122.5497583,Danaus plexippus,Monarch,Insecta
Kentfield,8/6/21,37.95163441,-122.5456729,Eriogonum fasciculatum,California Buckwheat,Plantae
Kentfield,1/2/17,37.95080039,-122.5445482,Mareca americana,American Wigeon,Aves
Kentfield,8/30/21,37.95167023,-122.5456219,Eriogonum fasciculatum,California Buckwheat,Plantae
Kentfield,8/23/21,37.95127826,-122.5453708,Eriogonum fasciculatum,California Buckwheat,Plantae
Kentfield,9/14/21,37.9555262,-122.5511253,Sciurus niger,Eastern Fox Squirrel,Mammalia
Kentfield,12/8/21,37.9569529,-122.5503901,Leratiomyces percevalii,Mulch Maids,Fungi
Kentfield,1/9/22,37.9541197,-122.5478997,Junco hyemalis,Dark-eyed Junco,Aves
Kentfield,1/9/22,37.9511777,-122.5451095,Vinca major,greater periwinkle,Plantae
Kentfield,1/9/22,37.9549126,-122.5511953,Eschscholzia californica,California poppy,Plantae
Kentfield,1/14/22,37.95532,-122.550125,Danaus plexippus,Monarch,Insecta
Kentfield,1/18/22,37.95204407,-122.5458686,Lophodytes cucullatus,Hooded Merganser,Aves
Kentfield,1/21/22,37.9545762,-122.5503209,Umbellularia californica,California bay,Plantae
Kentfield,1/21/22,37.9545762,-122.5503209,Phytophthora ramorum,Sudden oak death,Chromista
Kentfield,1/21/22,37.954608,-122.5504262,Phytophthora ramorum,Sudden oak death,Chromista
Kentfield,1/21/22,37.9535538,-122.5500669,Pseudognaphalium luteoalbum,Jersey Cudweed,Plantae
Kentfield,1/21/22,37.9536202,-122.5499388,Eschscholzia californica,California poppy,Plantae
Kentfield,1/22/22,37.95638333,-122.5491867,Ilex aquifolium,European holly,Plantae
Kentfield,1/22/22,37.94823,-122.5481417,Eschscholzia californica,California poppy,Plantae
Kentfield,1/25/22,37.95133919,-122.5449923,Lophodytes cucullatus,Hooded Merganser,Aves
Kentfield,2/4/22,37.95510592,-122.5498446,Boisea rubrolineata,Western Boxelder Bug,Insecta
Kentfield,2/4/22,37.95503164,-122.5498546,Danaus plexippus,Monarch,Insecta
Kentfield,2/6/22,37.95380949,-122.5483883,Lophodytes cucullatus,Hooded Merganser,Aves
Kentfield,2/19/22,37.95219099,-122.5440749,Lophodytes cucullatus,Hooded Merganser,Aves
Kentfield,2/20/22,37.95170012,-122.545898,Branta canadensis,Canada Goose,Aves
Kentfield,2/25/22,37.9534812,-122.5520839,Quercus agrifolia,coast live oak,Plantae
Kentfield,2/25/22,37.9536266,-122.5522101,Umbellularia californica,California bay,Plantae
Kentfield,2/25/22,37.9536303,-122.5522866,Salix lasiolepis,Arroyo Willow,Plantae
Kentfield,2/25/22,37.9536504,-122.5528365,Carduus pycnocephalus,Italian thistle,Plantae
Kentfield,2/26/22,37.9541385,-122.5487871,Canis latrans,Coyote,Mammalia
Kentfield,3/13/22,37.95421817,-122.5495691,Vinca major,greater periwinkle,Plantae
Kentfield,3/15/22,37.95502325,-122.5497349,Danaus plexippus,Monarch,Insecta
Kentfield,3/15/22,37.95502765,-122.5497027,Danaus plexippus,Monarch,Insecta
Kentfield,3/15/22,37.95504666,-122.5497264,Aphis nerii,Oleander Aphid,Insecta
Kentfield,3/16/22,37.95616667,-122.5484194,Agrocybe praecox,Spring Fieldcap,Fungi
Kentfield,3/29/22,37.95092778,-122.5459611,Mareca americana,American Wigeon,Aves
Kentfield,4/25/22,37.95037778,-122.5484083,Corallorhiza striata,Striped Coralroot,Plantae
Kentfield,4/25/22,37.9525,-122.5494444,Chrysolepis chrysophylla,Golden chinquapin,Plantae
Kentfield,4/25/22,37.9525,-122.5494444,Vaccinium ovatum,California huckleberry,Plantae
Kentfield,4/25/22,37.95222222,-122.5491667,Dudleya cymosa,Canyon liveforever,Plantae
Kentfield,4/26/22,37.94756944,-122.5434833,Morone saxatilis,Striped Bass,Actinopterygii
Kentfield,5/2/22,37.95145,-122.5495083,Borago officinalis,Borage,Plantae
Kentfield,5/2/22,37.95273667,-122.5489717,Erigeron karvinskianus,Mexican Fleabane,Plantae
Kentfield,5/2/22,37.95285,-122.5471417,Ceanothus thyrsiflorus,blueblossom,Plantae
Kentfield,5/2/22,37.95281667,-122.5468,Petrochelidon pyrrhonota,Cliff Swallow,Aves
Kentfield,5/2/22,37.95251167,-122.54612,Rubus armeniacus,Armenian Blackberry,Plantae
Kentfield,5/2/22,37.9516,-122.546045,Rubus ulmifolius anoplothyrsus,Thornless Elmleaf Blackberry,Plantae
Kentfield,5/2/22,37.95153833,-122.546005,Melilotus indicus,small melilot,Plantae
Kentfield,5/2/22,37.95154167,-122.545975,Eriogonum fasciculatum,California Buckwheat,Plantae
Kentfield,5/2/22,37.95125833,-122.54602,Charadrius vociferus,Killdeer,Aves
Kentfield,5/2/22,37.95127833,-122.54602,Anas platyrhynchos,Mallard,Aves
Kentfield,5/2/22,37.95073333,-122.5458917,Cistothorus palustris,Marsh Wren,Aves
Kentfield,5/2/22,37.950695,-122.5458667,Anas platyrhynchos,Mallard,Aves
Kentfield,5/2/22,37.94921167,-122.5463717,Heteromeles arbutifolia,Toyon,Plantae
Kentfield,5/2/22,37.94961167,-122.5472717,Carpobrotus edulis,sea fig,Plantae
Kentfield,5/2/22,37.949755,-122.547355,Helminthotheca echioides,bristly oxtongue,Plantae
Kentfield,5/2/22,37.949755,-122.547355,Conium maculatum,poison hemlock,Plantae
Kentfield,5/2/22,37.9501,-122.5482117,Euphorbia oblongata,eggleaf spurge,Plantae
Kentfield,5/2/22,37.94908,-122.5474617,Jaumea carnosa,Marsh Jaumea,Plantae
Kentfield,5/2/22,37.94866667,-122.5471583,Cotula coronopifolia,Brass Buttons,Plantae
Kentfield,5/2/22,37.94888,-122.5460283,Anas platyrhynchos,Mallard,Aves
Kentfield,5/2/22,37.94886333,-122.5460133,Rosa californica,California Wild Rose,Plantae
Kentfield,5/2/22,37.948745,-122.5466783,Distichlis spicata,Saltgrass,Plantae
Kentfield,5/2/22,37.94871333,-122.5467533,Melilotus indicus,small melilot,Plantae
Kentfield,5/2/22,37.949455,-122.5475533,Frankenia salina,Alkali Heath,Plantae
Kentfield,5/2/22,37.94981333,-122.5478367,Foeniculum vulgare,fennel,Plantae
Kentfield,5/2/22,37.94984667,-122.5478967,Raphanus raphanistrum sativus,garden radish,Plantae
Kentfield,5/6/22,37.95156702,-122.5456233,Eriogonum fasciculatum,California Buckwheat,Plantae
Kentfield,5/6/22,37.95173336,-122.5456665,Eriogonum fasciculatum,California Buckwheat,Plantae
Kentfield,5/6/22,37.95118545,-122.5452034,Medicago polymorpha,bur clover,Plantae
Kentfield,5/7/22,37.9517106,-122.5454836,Eriogonum fasciculatum,California Buckwheat,Plantae
Kentfield,5/7/22,37.95162266,-122.5456235,Petrochelidon pyrrhonota,Cliff Swallow,Aves
Kentfield,5/7/22,37.95257234,-122.5460917,Rubus armeniacus,Armenian Blackberry,Plantae
Kentfield,5/7/22,37.95255605,-122.5460784,Vinca major,greater periwinkle,Plantae
Kentfield,5/7/22,37.94960209,-122.5472189,Bromus hordeaceus,soft chess,Plantae
Kentfield,5/7/22,37.95253709,-122.5462131,Rubus armeniacus,Armenian Blackberry,Plantae
Kentfield,5/7/22,37.95162983,-122.5453397,Eriogonum fasciculatum,California Buckwheat,Plantae
Kentfield,5/7/22,37.95160713,-122.5453664,Eriogonum fasciculatum,California Buckwheat,Plantae
Kentfield,5/7/22,37.95230605,-122.5460352,Plantago lanceolata,ribwort plantain,Plantae
Kentfield,5/7/22,37.95161253,-122.5453541,Eriogonum fasciculatum,California Buckwheat,Plantae
Kentfield,5/7/22,37.95119681,-122.5454869,Raphanus raphanistrum sativus,garden radish,Plantae
Kentfield,5/7/22,37.95147445,-122.5455313,Raphanus raphanistrum sativus,garden radish,Plantae
Kentfield,5/7/22,37.95180146,-122.5460105,Heteromeles arbutifolia,Toyon,Plantae
Kentfield,5/7/22,37.95150705,-122.5455275,Raphanus raphanistrum sativus,garden radish,Plantae
Kentfield,5/7/22,37.95101833,-122.5467205,Erodium botrys,Mediterranean Stork's-bill,Plantae
Kentfield,5/7/22,37.95181302,-122.5459424,Heteromeles arbutifolia,Toyon,Plantae
Kentfield,5/7/22,37.9514244,-122.5455862,Distichlis spicata,Saltgrass,Plantae
Kentfield,5/7/22,37.95142637,-122.5453192,Foeniculum vulgare,fennel,Plantae
Kentfield,5/7/22,37.95165628,-122.5455883,Distichlis spicata,Saltgrass,Plantae
Kentfield,5/7/22,37.95166257,-122.5458568,Baccharis pilularis,coyote brush,Plantae
Kentfield,5/7/22,37.95159447,-122.5458911,Baccharis pilularis,coyote brush,Plantae
Kentfield,5/7/22,37.95121118,-122.5456278,Frankenia salina,Alkali Heath,Plantae
Kentfield,5/7/22,37.95148558,-122.5457603,Melilotus indicus,small melilot,Plantae
Kentfield,5/7/22,37.95150822,-122.5458622,Frankenia salina,Alkali Heath,Plantae
Kentfield,5/7/22,37.95154678,-122.5454551,Frankenia salina,Alkali Heath,Plantae
Kentfield,5/7/22,37.95118487,-122.5455404,Grindelia stricta,Oregon Gumplant,Plantae
Kentfield,5/7/22,37.95154786,-122.5459637,Eriogonum fasciculatum,California Buckwheat,Plantae
Kentfield,5/7/22,37.9515365,-122.5459574,Eriogonum fasciculatum,California Buckwheat,Plantae
Kentfield,5/7/22,37.95106779,-122.5451185,Genista monspessulana,French broom,Plantae
Kentfield,5/7/22,37.95045818,-122.5472029,Erodium botrys,Mediterranean Stork's-bill,Plantae
Kentfield,5/7/22,37.95128211,-122.5454119,Petrochelidon pyrrhonota,Cliff Swallow,Aves
Kentfield,5/7/22,37.9510781,-122.5450912,Cyanocitta stelleri,Steller's Jay,Aves
Kentfield,5/7/22,37.95146094,-122.5460533,Foeniculum vulgare,fennel,Plantae
Kentfield,5/7/22,37.95136841,-122.5461552,Aesculus californica,California buckeye,Plantae
Kentfield,5/7/22,37.95095471,-122.5453298,Medicago polymorpha,bur clover,Plantae
Kentfield,5/7/22,37.95116677,-122.5453233,Foeniculum vulgare,fennel,Plantae
Kentfield,5/7/22,37.95107144,-122.5453312,Baccharis pilularis,coyote brush,Plantae
Kentfield,5/7/22,37.95108912,-122.5452825,Baccharis pilularis,coyote brush,Plantae
Kentfield,5/7/22,37.95103206,-122.5453641,Genista monspessulana,French broom,Plantae
Kentfield,5/7/22,37.9510649,-122.5452503,Genista monspessulana,French broom,Plantae
Kentfield,5/7/22,37.95116527,-122.5459673,Frankenia salina,Alkali Heath,Plantae
Kentfield,5/7/22,37.95064594,-122.545467,Plantago lanceolata,ribwort plantain,Plantae
Kentfield,5/7/22,37.95103206,-122.5452871,Plantago lanceolata,ribwort plantain,Plantae
Kentfield,5/7/22,37.95085698,-122.5449544,Acacia dealbata,Silver wattle,Plantae
Kentfield,5/7/22,37.94948402,-122.5463017,Quercus agrifolia,coast live oak,Plantae
Kentfield,5/7/22,37.9500254,-122.5456927,Amphibolips quercuspomiformis,Live Oak Apple Gall Wasp,Insecta
Kentfield,5/7/22,37.95005693,-122.5470114,Helminthotheca echioides,bristly oxtongue,Plantae
Kentfield,5/7/22,37.94894116,-122.546517,Heteromeles arbutifolia,Toyon,Plantae
Kentfield,5/7/22,37.95158,-122.5455783,Salicornia pacifica,Pacific Glasswort,Plantae
Kentfield,5/7/22,37.95160333,-122.545595,Salsola soda,fleshy Russian thistle,Plantae
Kentfield,5/7/22,37.95217964,-122.5459851,Aesculus californica,California buckeye,Plantae
Kentfield,5/7/22,37.95161333,-122.5456083,Melilotus indicus,small melilot,Plantae
Kentfield,5/7/22,37.95375,-122.54698,Erodium moschatum,musk stork's-bill,Plantae
Kentfield,5/7/22,37.95087833,-122.5448,Ambrosia psilostachya,western ragweed,Plantae
Kentfield,5/7/22,37.95070811,-122.5457237,Actitis macularius,Spotted Sandpiper,Aves
Kentfield,5/7/22,37.95099157,-122.5449916,Melospiza melodia,Song Sparrow,Aves
Kentfield,5/7/22,37.9505,-122.547825,Bromus diandrus,ripgut brome,Plantae
Kentfield,5/7/22,37.95038889,-122.5462556,Sceloporus occidentalis,Western Fence Lizard,Reptilia
Kentfield,5/7/22,37.95107601,-122.545462,Anas platyrhynchos,Mallard,Aves
Kentfield,5/7/22,37.95094156,-122.5459168,Egretta thula,Snowy Egret,Aves
Kentfield,5/7/22,37.951575,-122.5455333,Frankenia salina,Alkali Heath,Plantae
Kentfield,5/7/22,37.951575,-122.5455333,Erodium botrys,Mediterranean Stork's-bill,Plantae
Kentfield,5/7/22,37.95114143,-122.5458736,Petrochelidon pyrrhonota,Cliff Swallow,Aves
Kentfield,5/7/22,37.95155,-122.5454033,Heteromeles arbutifolia,Toyon,Plantae
Kentfield,5/7/22,37.95081004,-122.5459628,Apis mellifera,Western Honey Bee,Insecta
Kentfield,5/7/22,37.9513249,-122.5461156,Myoporum laetum,Ngaio,Plantae
Kentfield,5/7/22,37.95145,-122.544975,Acer negundo,boxelder,Plantae
Kentfield,5/7/22,37.95145833,-122.5448917,Baccharis pilularis,coyote brush,Plantae
Kentfield,5/7/22,37.95493333,-122.5504639,Danaus plexippus,Monarch,Insecta
Kentfield,5/7/22,37.95171482,-122.5458835,Genista monspessulana,French broom,Plantae
Kentfield,5/7/22,37.95042833,-122.544905,Foeniculum vulgare,fennel,Plantae
Kentfield,5/7/22,37.950445,-122.5448833,Plantago lanceolata,ribwort plantain,Plantae
Kentfield,5/7/22,37.95246944,-122.5459111,Toxicodendron diversilobum,Pacific poison oak,Plantae
Kentfield,5/7/22,37.95119298,-122.5451923,Buteo lineatus,Red-shouldered Hawk,Aves
Kentfield,5/7/22,37.95092,-122.5450883,Genista monspessulana,French broom,Plantae
Kentfield,5/7/22,37.94909539,-122.5459279,Hylephila phyleus,Fiery Skipper,Insecta
Kentfield,5/7/22,37.9509947,-122.546296,Corvus brachyrhynchos,American Crow,Aves
Kentfield,5/7/22,37.95028889,-122.5479222,Euphorbia oblongata,eggleaf spurge,Plantae
Kentfield,5/7/22,37.94936667,-122.5478583,Carpobrotus edulis,sea fig,Plantae
Kentfield,5/7/22,37.94909697,-122.5462863,Melospiza melodia,Song Sparrow,Aves
Kentfield,5/7/22,37.94982778,-122.547425,Tragopogon porrifolius,purple salsify,Plantae
Kentfield,5/7/22,37.94936667,-122.5478583,Conium maculatum,poison hemlock,Plantae
Kentfield,5/7/22,37.95232778,-122.5459806,Rubus armeniacus,Armenian Blackberry,Plantae
Kentfield,5/7/22,37.95232778,-122.5459806,Vinca major,greater periwinkle,Plantae
Kentfield,5/7/22,37.95116862,-122.5459849,Bromus hordeaceus,soft chess,Plantae
Kentfield,5/7/22,37.95102778,-122.5458556,Polypogon monspeliensis,rabbitfoot grass,Plantae
Kentfield,5/7/22,37.95143052,-122.5459668,Distichlis spicata,Saltgrass,Plantae
Kentfield,5/7/22,37.94963473,-122.5455376,Perizoma epictata,,Insecta
Kentfield,5/7/22,37.95131196,-122.5459622,Frankenia salina,Alkali Heath,Plantae
Kentfield,5/7/22,37.95054149,-122.5450795,Corvus brachyrhynchos,American Crow,Aves
Kentfield,5/7/22,37.95107706,-122.5458949,Petrochelidon pyrrhonota,Cliff Swallow,Aves
Kentfield,5/7/22,37.95023045,-122.5452015,Charadrius vociferus,Killdeer,Aves
Kentfield,5/7/22,37.95144871,-122.5457379,Anas platyrhynchos,Mallard,Aves
Kentfield,5/7/22,37.95072114,-122.5453517,Buteo lineatus,Red-shouldered Hawk,Aves
Kentfield,5/7/22,37.95080574,-122.545695,Egretta thula,Snowy Egret,Aves
Kentfield,5/7/22,37.95061842,-122.54512,Melospiza melodia,Song Sparrow,Aves
Kentfield,5/7/22,37.9511949,-122.5455053,Melospiza melodia,Song Sparrow,Aves
Kentfield,5/7/22,37.95149167,-122.545325,Dimelaena radiata,,Fungi
Kentfield,5/7/22,37.94700963,-122.5455447,Melospiza melodia,Song Sparrow,Aves
Kentfield,5/7/22,37.95232778,-122.5459806,Sonchus oleraceus,Common Sow-thistle,Plantae
Kentfield,5/7/22,37.95232778,-122.5459806,Carduus pycnocephalus,Italian thistle,Plantae
Kentfield,5/7/22,37.9509947,-122.5455051,Branta canadensis,Canada Goose,Aves
Kentfield,5/7/22,37.95059167,-122.54487,Trifolium hirtum,Rose Clover,Plantae
Kentfield,5/7/22,37.95059667,-122.5448617,Quercus agrifolia,coast live oak,Plantae
Kentfield,5/7/22,37.95077833,-122.5449217,Phalaris aquatica,harding grass,Plantae
Kentfield,5/7/22,37.950805,-122.5449617,Quercus agrifolia,coast live oak,Plantae
Kentfield,5/7/22,37.95081333,-122.5450283,Coccinella septempunctata,Seven-spotted Lady Beetle,Insecta
Kentfield,5/7/22,37.950825,-122.5450133,Heteromeles arbutifolia,Toyon,Plantae
Kentfield,5/7/22,37.95086667,-122.54515,Salicornia pacifica,Pacific Glasswort,Plantae
Kentfield,5/7/22,37.950895,-122.545145,Erodium botrys,Mediterranean Stork's-bill,Plantae
Kentfield,5/7/22,37.95105,-122.545045,Andricus quercuscalifornicus,California Gall Wasp,Insecta
Kentfield,5/7/22,37.95118333,-122.5450883,Vinca major,greater periwinkle,Plantae
Kentfield,5/7/22,37.95113333,-122.5451667,Genista monspessulana,French broom,Plantae
Kentfield,5/7/22,37.95120333,-122.5452283,Frankenia salina,Alkali Heath,Plantae
Kentfield,5/7/22,37.951255,-122.5452417,Medicago polymorpha,bur clover,Plantae
Kentfield,5/7/22,37.95126333,-122.5452333,Baccharis pilularis,coyote brush,Plantae
Kentfield,5/7/22,37.95125833,-122.5452333,Foeniculum vulgare,fennel,Plantae
Kentfield,5/7/22,37.94928889,-122.5485667,Plantago coronopus,Buck's-horn Plantain,Plantae
Kentfield,5/7/22,37.95102778,-122.5458556,Frankenia salina,Alkali Heath,Plantae
Kentfield,5/7/22,37.95001667,-122.5456383,Erodium botrys,Mediterranean Stork's-bill,Plantae
Kentfield,5/7/22,37.94928333,-122.5458533,Quercus lobata,valley oak,Plantae
Kentfield,5/7/22,37.951245,-122.5493081,Petrochelidon pyrrhonota,Cliff Swallow,Aves
Kentfield,5/7/22,37.95168472,-122.5456914,Petrochelidon pyrrhonota,Cliff Swallow,Aves
Kentfield,5/7/22,37.95390333,-122.5462236,Butorides virescens,Green Heron,Aves
Kentfield,5/7/22,37.95127086,-122.5449911,Danaus plexippus,Monarch,Insecta
Kentfield,5/7/22,37.95139139,-122.5451647,Papilio zelicaon,Anise Swallowtail,Insecta
Kentfield,5/7/22,37.95165139,-122.5454647,Butorides virescens,Green Heron,Aves
Kentfield,5/7/22,37.95178611,-122.5446778,Pseudognaphalium luteoalbum,Jersey Cudweed,Plantae
Kentfield,5/7/22,37.95183056,-122.5445444,Lysimachia arvensis,scarlet pimpernel,Plantae
Kentfield,5/7/22,37.95166944,-122.5444111,Boisea rubrolineata,Western Boxelder Bug,Insecta
Kentfield,5/7/22,37.95164444,-122.5446778,Polypogon monspeliensis,rabbitfoot grass,Plantae
Kentfield,5/7/22,37.95340278,-122.5486972,Harmonia axyridis,Asian Lady Beetle,Insecta
Kentfield,5/7/22,37.94915833,-122.54618,Raphanus raphanistrum sativus,garden radish,Plantae
Kentfield,5/7/22,37.94968833,-122.5473117,Vinca major,greater periwinkle,Plantae
Kentfield,5/7/22,37.95010833,-122.547945,Euphorbia oblongata,eggleaf spurge,Plantae
Kentfield,5/7/22,37.95161769,-122.5460551,Quercus agrifolia,coast live oak,Plantae
Kentfield,5/7/22,37.95308333,-122.5459028,Papilio rutulus,Western Tiger Swallowtail,Insecta
Kentfield,5/7/22,37.95309444,-122.5459056,Papilio rutulus,Western Tiger Swallowtail,Insecta
Kentfield,5/7/22,37.95127901,-122.5452779,Medicago polymorpha,bur clover,Plantae
Kentfield,5/7/22,37.951225,-122.5452417,Raphanus raphanistrum sativus,garden radish,Plantae
Kentfield,5/7/22,37.95125333,-122.5454033,Traskorchestia traskiana,Pacific beach hopper,Animalia
Kentfield,5/7/22,37.95122833,-122.5452283,Frankenia salina,Alkali Heath,Plantae
Kentfield,5/7/22,37.95125333,-122.5452283,Baccharis pilularis,coyote brush,Plantae
Kentfield,5/10/22,37.95200947,-122.5440018,Anas platyrhynchos,Mallard,Aves
Kentfield,5/10/22,37.95086883,-122.5451005,Sphyrapicus,Sapsuckers,Aves
Kentfield,5/10/22,37.95029251,-122.5450488,Charadrius vociferus,Killdeer,Aves
Kentfield,5/12/22,37.95220334,-122.545856,Sciurus niger,Eastern Fox Squirrel,Mammalia
Kentfield,5/12/22,37.95157797,-122.545401,Dichelotarsus cavicollis,,Insecta
Kentfield,5/21/22,37.953842,-122.546635,Anser albifrons,Greater White-fronted Goose,Aves
Kentfield,5/22/22,37.95550919,-122.5518188,Foeniculum vulgare,fennel,Plantae
Kentfield,6/12/22,37.94872188,-122.5469576,Tyto furcata,American Barn Owl,Aves
Kentfield,7/6/22,37.95157,-122.54532,Eriogonum fasciculatum,California Buckwheat,Plantae
Kentfield,7/16/22,37.95700073,-122.5494537,Epipactis helleborine,Broad-leaved helleborine,Plantae
Kentfield,7/16/22,37.95532227,-122.548996,Allium vineale,wild garlic,Plantae
Kentfield,7/18/22,37.94956167,-122.5482467,Danaus plexippus,Monarch,Insecta
Kentfield,7/28/22,37.95158932,-122.5456425,Lontra canadensis,North American River Otter,Mammalia
Kentfield,8/22/22,37.95561594,-122.5518352,Carex divulsa,Gray Sedge,Plantae
Kentfield,8/15/22,37.95206333,-122.5494,Calendula officinalis,pot marigold,Plantae
Kentfield,9/4/22,37.953797,-122.54617,Sciurus niger,Eastern Fox Squirrel,Mammalia
Kentfield,9/8/22,37.95579273,-122.5497695,Mirabilis jalapa,marvel of Peru,Plantae
Kentfield,9/12/22,37.95514667,-122.549545,Clathrus ruber,red-cage fungus,Fungi
Kentfield,9/19/22,37.9539841,-122.5479772,Laetiporus gilbertsonii,Western Hardwood Sulphur Shelf,Fungi
Kentfield,9/23/22,37.94820277,-122.5448474,Acacia dealbata,Silver wattle,Plantae
Kentfield,9/23/22,37.94741206,-122.5433266,Foeniculum vulgare,fennel,Plantae
Kentfield,9/23/22,37.94824667,-122.5449533,Foeniculum vulgare,fennel,Plantae
Kentfield,9/23/22,37.94822833,-122.5448383,Acacia dealbata,Silver wattle,Plantae
Kentfield,9/25/22,37.95218484,-122.5495667,Corvus brachyrhynchos,American Crow,Aves
Kentfield,9/23/22,37.94749167,-122.5431133,Foeniculum vulgare,fennel,Plantae
Kentfield,9/23/22,37.94820833,-122.5448533,Foeniculum vulgare,fennel,Plantae
Kentfield,9/23/22,37.94794167,-122.5444867,Nannopterum auritum,Double-crested Cormorant,Aves
Kentfield,9/25/22,37.95223667,-122.5496667,Mantis religiosa,European Mantis,Insecta
Kentfield,10/4/22,37.95647901,-122.5498912,Phyla nodiflora,turkey tangle frogfruit,Plantae
Kentfield,10/4/22,37.95477415,-122.5502003,Corvus brachyrhynchos,American Crow,Aves
Kentfield,10/5/22,37.95142972,-122.5494273,Paspalum dilatatum,Dallis grass,Plantae
Kentfield,10/6/22,37.95596536,-122.549747,Sceloporus occidentalis,Western Fence Lizard,Reptilia
Kentfield,10/11/22,37.95522299,-122.5490566,Xylocopa sonorina,Valley Carpenter Bee,Insecta
Kentfield,10/11/22,37.95374167,-122.5460667,Lontra canadensis,North American River Otter,Mammalia
Kentfield,10/20/22,37.95468347,-122.550214,Corvus brachyrhynchos,American Crow,Aves
Kentfield,10/20/22,37.95053,-122.5482783,Melanophila consputa,Charcoal Beetle,Insecta
Kentfield,10/24/22,37.95405103,-122.550092,Baccharis pilularis,coyote brush,Plantae
Kentfield,10/29/22,37.95082722,-122.5452375,Fulica americana,American Coot,Aves
Kentfield,10/29/22,37.95460385,-122.5497533,Corvus brachyrhynchos,American Crow,Aves
Kentfield,10/29/22,37.95051804,-122.5450919,Ardea alba,Great Egret,Aves
Kentfield,10/29/22,37.95439099,-122.5496688,Nycticorax nycticorax,Black-crowned Night Heron,Aves
Kentfield,10/29/22,37.95506695,-122.5510686,Columba livia domestica,Feral Pigeon,Aves
Kentfield,11/1/22,37.95598333,-122.5498283,Spinus psaltria,Lesser Goldfinch,Aves
Kentfield,11/3/22,37.95579934,-122.5497953,Arum italicum,Italian arum,Plantae
Kentfield,11/8/22,37.94858833,-122.5471417,Microtus californicus,California Vole,Mammalia
Kentfield,11/17/22,37.95614988,-122.549578,Centaurea cyanus,Cornflower,Plantae
Kentfield,10/28/22,37.9520545,-122.5458292,Sciurus niger,Eastern Fox Squirrel,Mammalia
Kentfield,11/26/22,37.94776333,-122.544255,Butorides virescens,Green Heron,Aves
Kentfield,12/6/22,37.95605921,-122.5492052,Coprinus comatus,Shaggy Mane,Fungi
Kentfield,12/6/22,37.95595188,-122.5494919,Clathrus ruber,red-cage fungus,Fungi
Kentfield,12/17/22,37.9538,-122.547341,Bucephala albeola,Bufflehead,Aves
Kentfield,12/18/22,37.95389697,-122.546264,Lophodytes cucullatus,Hooded Merganser,Aves
Kentfield,12/12/22,37.95427487,-122.5499049,Xystocheir dissecta,,Animalia
Kentfield,1/3/23,37.95593945,-122.5491153,Suillellus amygdalinus,Liver Bolete,Fungi
Kentfield,2/2/23,37.95385918,-122.546185,Lophodytes cucullatus,Hooded Merganser,Aves
Kentfield,2/2/23,37.95599365,-122.5501099,Coprinus comatus,Shaggy Mane,Fungi
Kentfield,2/3/23,37.95216131,-122.5459057,Lophodytes cucullatus,Hooded Merganser,Aves
Kentfield,2/28/23,37.94859415,-122.5455318,Anser albifrons,Greater White-fronted Goose,Aves
Kentfield,3/13/23,37.954225,-122.5490717,Leratiomyces ceres,Chip Cherries,Fungi
Kentfield,3/15/23,37.95595833,-122.5489717,Clathrus ruber,red-cage fungus,Fungi
Kentfield,3/26/23,37.95447,-122.5501633,Vinca major,greater periwinkle,Plantae
Kentfield,3/26/23,37.954875,-122.55037,Malva nicaeensis,bull mallow,Plantae
Kentfield,3/30/23,37.95523123,-122.5493286,Clathrus ruber,red-cage fungus,Fungi
Kentfield,3/30/23,37.95501072,-122.5509472,Conium maculatum,poison hemlock,Plantae
Kentfield,8/30/21,37.95532816,-122.5515727,Icterus cucullatus,Hooded Oriole,Aves
Kentfield,4/5/23,37.94869667,-122.54718,Erynnis propertius,Propertius Duskywing,Insecta
Kentfield,1/6/23,37.95351782,-122.5507389,Tanacetum parthenium,feverfew,Plantae
Kentfield,4/16/23,37.95480096,-122.5499434,Eschscholzia californica,California poppy,Plantae
Kentfield,4/25/23,37.94753044,-122.5432509,Morone saxatilis,Striped Bass,Actinopterygii
Kentfield,12/26/20,37.95546667,-122.550055,Danaus plexippus,Monarch,Insecta
Kentfield,5/2/23,37.95388244,-122.5484344,Corvus brachyrhynchos,American Crow,Aves
Kentfield,5/4/23,37.95495735,-122.5502321,Clathrus ruber,red-cage fungus,Fungi
Kentfield,5/4/23,37.95498484,-122.5502506,Meleagris gallopavo,Wild Turkey,Aves
Kentfield,5/13/23,37.95020382,-122.5478837,Euphorbia oblongata,eggleaf spurge,Plantae
Kentfield,5/13/23,37.94951222,-122.5472352,Helminthotheca echioides,bristly oxtongue,Plantae
Kentfield,5/13/23,37.94922347,-122.5458987,Eupeodes fumipennis,Western Aphideater,Insecta
Kentfield,5/19/23,37.9525018,-122.5501781,Sedum spathulifolium,Broad-leaved Stonecrop,Plantae
Kentfield,5/23/23,37.95571686,-122.5499914,Silene coronaria,Rose campion,Plantae
Kentfield,6/21/23,37.95512833,-122.5513,Trachemys scripta elegans,Red-eared Slider,Reptilia
Kentfield,6/21/23,37.95396333,-122.5466617,Foeniculum vulgare,fennel,Plantae
Kentfield,6/21/23,37.953975,-122.5467217,Eucalyptus sideroxylon,Red Ironbark,Plantae
Kentfield,6/21/23,37.95394167,-122.5461583,Acacia dealbata,Silver wattle,Plantae
Kentfield,6/21/23,37.95392167,-122.5461667,Acacia baileyana,Cootamundra wattle,Plantae
Kentfield,6/26/23,37.95352173,-122.5491943,Tanacetum parthenium,feverfew,Plantae
Kentfield,7/26/23,37.956105,-122.5512,Trichocnemis spiculatus,Spined Woodborer,Insecta
Kentfield,7/25/23,37.95152,-122.5460333,Adelpha californica,California Sister,Insecta
Kentfield,8/2/23,37.95496447,-122.5495535,Danaus plexippus,Monarch,Insecta
Kentfield,8/15/23,37.95460231,-122.5502358,Persicaria capitata,pink knotweed,Plantae
Kentfield,8/19/23,37.95027778,-122.5477778,Grindelia stricta angustifolia,marsh gumplant,Plantae
Kentfield,8/19/23,37.95027778,-122.5483333,Salicornia pacifica,Pacific Glasswort,Plantae
Kentfield,8/19/23,37.95055556,-122.5480556,Rubus ursinus,California Blackberry,Plantae
Kentfield,8/19/23,37.95,-122.5480556,Frankenia salina,Alkali Heath,Plantae
Kentfield,8/19/23,37.95027778,-122.5480556,Salicornia pacifica,Pacific Glasswort,Plantae
Kentfield,8/19/23,37.94972222,-122.5477778,Foeniculum vulgare,fennel,Plantae
Kentfield,8/19/23,37.94916667,-122.5475,Jaumea carnosa,Marsh Jaumea,Plantae
Kentfield,8/19/23,37.94888889,-122.5472222,Malva multiflora,Cretan mallow,Plantae
Kentfield,8/19/23,37.94888889,-122.5472222,Frankenia salina,Alkali Heath,Plantae
Kentfield,8/19/23,37.94861111,-122.5483333,Distichlis spicata,Saltgrass,Plantae
Kentfield,8/19/23,37.94861111,-122.5469444,Raphanus raphanistrum,Wild radish,Plantae
Kentfield,8/19/23,37.94861111,-122.5469444,Epilobium canum,California fuchsia,Plantae
Kentfield,8/19/23,37.94861111,-122.5469444,Solanum nigrum,European black nightshade,Plantae
Kentfield,8/19/23,37.94888889,-122.5466667,Solanum nigrum,European black nightshade,Plantae
Kentfield,8/19/23,37.94861111,-122.5463889,Cirsium vulgare,Bull Thistle,Plantae
Kentfield,8/19/23,37.94888889,-122.5458333,Podosphaera cerasi,,Fungi
Kentfield,8/19/23,37.94694444,-122.5433333,Andricus quercuscalifornicus,California Gall Wasp,Insecta
Kentfield,8/19/23,37.94722222,-122.5436111,Plantago coronopus,Buck's-horn Plantain,Plantae
Kentfield,8/19/23,37.94888889,-122.5458333,Lotus corniculatus,bird's-foot trefoil,Plantae
Kentfield,8/19/23,37.94861111,-122.5472222,Asclepias speciosa,showy milkweed,Plantae
Kentfield,8/19/23,37.94861111,-122.5472222,Sedum album,white stonecrop,Plantae
Kentfield,8/19/23,37.94972222,-122.5488889,Rubus ursinus,California Blackberry,Plantae
Kentfield,8/19/23,37.95055556,-122.5483333,Euphorbia maculata,Spotted spurge,Plantae
Kentfield,8/19/23,37.95055556,-122.5472222,Plantago coronopus,Buck's-horn Plantain,Plantae
Kentfield,8/19/23,37.95166667,-122.5458333,Acacia melanoxylon,blackwood,Plantae
Kentfield,8/19/23,37.95166667,-122.5461111,Rubus ulmifolius anoplothyrsus,Thornless Elmleaf Blackberry,Plantae
Kentfield,8/20/23,37.94868564,-122.5455854,Tringa melanoleuca,Greater Yellowlegs,Aves
Kentfield,9/1/23,37.95569992,-122.5494308,Pyrobombus,,Insecta
Kentfield,9/3/23,37.95000143,-122.5482289,Halictus ligatus,Ligated Furrow Bee,Insecta
Kentfield,9/3/23,37.94984571,-122.547842,Agapostemon subtilior,Fine striped sweat bee,Insecta
Kentfield,9/3/23,37.94985945,-122.5480046,Sympetrum illotum,Cardinal Meadowhawk,Insecta
Kentfield,9/3/23,37.94879346,-122.5471493,Sympetrum corruptum,Variegated Meadowhawk,Insecta
Kentfield,9/9/23,37.94888889,-122.5458333,Andricus quercuscalifornicus,California Gall Wasp,Insecta
Kentfield,9/9/23,37.9475,-122.5433333,Antron douglasii,Spined Turban Gall Wasp,Insecta
Kentfield,9/9/23,37.94722222,-122.5433333,Andricus quercuscalifornicus,California Gall Wasp,Insecta
Kentfield,9/9/23,37.95083333,-122.5447222,Antron douglasii,Spined Turban Gall Wasp,Insecta
Kentfield,9/9/23,37.95111111,-122.545,Antron douglasii,Spined Turban Gall Wasp,Insecta
Kentfield,9/9/23,37.95083333,-122.5447222,Antron douglasii,Spined Turban Gall Wasp,Insecta
Kentfield,9/9/23,37.95083333,-122.5447222,Feron kingi,Red Cone Gall Wasp,Insecta
Kentfield,9/9/23,37.95083333,-122.5447222,Antron douglasii,Spined Turban Gall Wasp,Insecta
Kentfield,9/9/23,37.95111111,-122.545,Feron kingi,Red Cone Gall Wasp,Insecta
Kentfield,9/9/23,37.95138889,-122.5452778,Feron kingi,Red Cone Gall Wasp,Insecta
Kentfield,9/9/23,37.95194444,-122.5458333,Laurus nobilis,Bay laurel,Plantae
Kentfield,9/9/23,37.95222222,-122.5458333,Burnettweldia washingtonensis,,Insecta
Kentfield,9/9/23,37.9525,-122.5461111,Feron kingi,Red Cone Gall Wasp,Insecta
Kentfield,9/9/23,37.95222222,-122.5458333,Feron kingi,Red Cone Gall Wasp,Insecta
Kentfield,9/9/23,37.95194444,-122.5458333,Andricus quercuscalifornicus,California Gall Wasp,Insecta
Kentfield,9/9/23,37.95138889,-122.5458333,Feron kingi,Red Cone Gall Wasp,Insecta
Kentfield,9/9/23,37.95111111,-122.5458333,Feron kingi,Red Cone Gall Wasp,Insecta
Kentfield,9/12/23,37.95491409,-122.5496826,Armadillidium vulgare,Common Pill Woodlouse,Animalia
Kentfield,9/19/23,37.954195,-122.5510717,Latrodectus hesperus,Western Black Widow,Arachnida
Kentfield,9/25/23,37.94855733,-122.5473068,Baccharis pilularis,coyote brush,Plantae
Kentfield,2/14/23,37.95012167,-122.5478283,Acacia dealbata,Silver wattle,Plantae
Kentfield,10/26/23,37.95557941,-122.5490347,Mirabilis jalapa,marvel of Peru,Plantae
Kentfield,11/16/23,37.95355727,-122.5481967,Laetiporus gilbertsonii,Western Hardwood Sulphur Shelf,Fungi
Kentfield,11/26/23,37.95422833,-122.5497583,Vanessa cardui,Painted Lady,Insecta
Kentfield,1/3/24,37.94774708,-122.5441517,Helvella vespertina,Western Black Elfin Saddle,Fungi
Kentfield,12/6/21,37.95064444,-122.545075,Aix sponsa,Wood Duck,Aves
Kentfield,1/12/24,37.95150761,-122.5456518,Aythya affinis,Lesser Scaup,Aves
Kentfield,1/29/24,37.9560978,-122.5495847,Linaria maroccana,Annual Toadflax,Plantae
Kentfield,1/29/24,37.95619086,-122.5496468,Centaurea cyanus,Cornflower,Plantae
Kentfield,2/1/24,37.9560674,-122.5496159,Lupinus succulentus,arroyo lupine,Plantae
Kentfield,2/12/24,37.95079722,-122.5450056,Mergus merganser,Common Merganser,Aves
Kentfield,2/28/24,37.95057049,-122.5449354,Heteromeles arbutifolia,Toyon,Plantae
Kentfield,3/4/24,37.95332185,-122.5488944,Persicaria capitata,pink knotweed,Plantae
Kentfield,3/4/24,37.95616627,-122.5495341,Lophodytes cucullatus,Hooded Merganser,Aves
Kentfield,3/14/24,37.95614909,-122.5495961,Nemophila menziesii,baby blue eyes,Plantae
Kentfield,3/17/24,37.95450669,-122.5500289,Sayornis nigricans,Black Phoebe,Aves
Kentfield,3/27/24,37.95550009,-122.5500672,Clathrus ruber,red-cage fungus,Fungi
Kentfield,3/27/24,37.95093606,-122.5495468,Cornu aspersum,Garden Snail,Mollusca
Kentfield,4/10/24,37.95602,-122.5496533,Centaurea cyanus,Cornflower,Plantae
Kentfield,4/15/24,37.95568466,-122.551033,Melilotus indicus,small melilot,Plantae
Kentfield,5/2/24,37.95515377,-122.5500669,Campanula poscharskyana,Trailing bellflower,Plantae
Kentfield,5/14/24,37.95514297,-122.5498428,Modiola caroliniana,Bristly Mallow,Plantae
Kentfield,5/14/24,37.95514297,-122.5498428,Erodium moschatum,musk stork's-bill,Plantae
Kentfield,5/15/24,37.94853611,-122.5468611,Tyto furcata,American Barn Owl,Aves
Kentfield,4/24/24,37.95132,-122.5492633,Holocnemus pluchei,Marbled Cellar Spider,Arachnida
Kentfield,4/11/24,37.95152,-122.549125,Campanula poscharskyana,Trailing bellflower,Plantae
Kentfield,5/30/24,37.95426251,-122.5490649,Butorides virescens,Green Heron,Aves
Kentfield,6/3/24,37.94945037,-122.547595,Ardea alba,Great Egret,Aves
Kentfield,7/12/24,37.94893667,-122.5473117,Melospiza melodia,Song Sparrow,Aves
Kentfield,10/23/23,37.95431026,-122.549616,Vanessa annabella,West Coast Lady,Insecta
Kentfield,9/12/24,37.95130667,-122.5485196,Sceliphron caementarium,Yellow-legged Mud-dauber Wasp,Insecta
Kentfield,9/14/24,37.950378,-122.547662,Grindelia stricta angustifolia,marsh gumplant,Plantae
Kentfield,9/14/24,37.95032797,-122.547123,Epilobium brachycarpum,panicled willowherb,Plantae
Kentfield,9/14/24,37.95032797,-122.547123,Baccharis pilularis,coyote brush,Plantae
Kentfield,9/14/24,37.95032797,-122.547123,Feron kingi,Red Cone Gall Wasp,Insecta
Kentfield,9/14/24,37.95032797,-122.547123,Andricus confertus,Convoluted Gall Wasp,Insecta
Kentfield,9/14/24,37.95032797,-122.547123,Feron kingi,Red Cone Gall Wasp,Insecta
Kentfield,9/14/24,37.95032797,-122.547123,Quercus lobata,valley oak,Plantae
Kentfield,9/14/24,37.95032797,-122.547123,Rubus ulmifolius,elmleaf blackberry,Plantae
Kentfield,9/14/24,37.95032797,-122.547123,Aceria mackiei,Live Oak Erineum Mite,Arachnida
Kentfield,9/14/24,37.95032797,-122.547123,Rubus ulmifolius,elmleaf blackberry,Plantae
Kentfield,9/14/24,37.95032797,-122.547123,Glycaspis brimblecombei,Red Gum Lerp Psyllid,Insecta
Kentfield,9/14/24,37.95032797,-122.547123,Acacia dealbata,Silver wattle,Plantae
Kentfield,9/14/24,37.952612,-122.545907,Rubus armeniacus,Armenian Blackberry,Plantae
Kentfield,9/14/24,37.952612,-122.545907,Rubus ulmifolius,elmleaf blackberry,Plantae
Kentfield,9/14/24,37.952612,-122.545907,Quercus lobata,valley oak,Plantae
Kentfield,9/14/24,37.95382397,-122.545887,Erysiphe flexuosa,Horse-Chestnut Powdery Mildew,Fungi
Kentfield,9/14/24,37.95432497,-122.548891,Quercus lobata,valley oak,Plantae
Kentfield,9/14/24,37.953991,-122.549873,Quercus lobata,valley oak,Plantae
Kentfield,9/14/24,37.953806,-122.55055,Quercus lobata,valley oak,Plantae
Kentfield,9/14/24,37.953806,-122.55055,Quercus lobata,valley oak,Plantae
Kentfield,9/14/24,37.95551797,-122.551743,Quercus lobata,valley oak,Plantae
Kentfield,9/14/24,37.95551797,-122.551743,Druon fullawayi,Yellow Wig Gall Wasp,Insecta
Kentfield,9/14/24,37.95551797,-122.551743,Feron kingi,Red Cone Gall Wasp,Insecta
Kentfield,9/14/24,37.95408197,-122.549589,Vinca major,greater periwinkle,Plantae
Kentfield,9/14/24,37.95408197,-122.549589,Golovinomyces vincae,,Fungi
Kentfield,9/14/24,37.954273,-122.548236,Rubus armeniacus,Armenian Blackberry,Plantae
Kentfield,9/14/24,37.954191,-122.546086,Acacia baileyana,Cootamundra wattle,Plantae
Kentfield,9/14/24,37.954191,-122.546086,Aleuroplatus coronata,Crown Whitefly,Insecta
Kentfield,9/6/24,37.95658388,-122.5499352,Mantis religiosa,European Mantis,Insecta
Kentfield,9/21/24,37.952305,-122.544075,Egretta thula,Snowy Egret,Aves
Kentfield,9/25/24,37.95031667,-122.5472633,Apis mellifera,Western Honey Bee,Insecta
Kentfield,9/28/24,37.95425833,-122.5505367,Eschscholzia californica,California poppy,Plantae
Kentfield,10/17/24,37.95577621,-122.5503693,Limacus flavus,Yellow Cellar Slug,Mollusca
Kentfield,11/1/24,37.95579529,-122.5492554,Mantis religiosa,European Mantis,Insecta
Kentfield,11/19/24,37.95525853,-122.5509363,Eschscholzia californica,California poppy,Plantae
Kentfield,12/7/24,37.95422778,-122.5493535,Pittosporum undulatum,Australian Cheesewood,Plantae
Kentfield,12/9/24,37.94964667,-122.54718,Ardea alba,Great Egret,Aves
Kentfield,12/9/24,37.94937167,-122.54577,Heteromeles arbutifolia,Toyon,Plantae
Kentfield,12/12/24,37.95519256,-122.5497823,Aneides lugubris,Arboreal Salamander,Amphibia
Kentfield,12/12/24,37.95545983,-122.549833,Aneides lugubris,Arboreal Salamander,Amphibia
Kentfield,5/20/24,37.95163667,-122.5457167,Pelecanus occidentalis,Brown Pelican,Aves
Kentfield,1/8/25,37.95717167,-122.5494833,Sciurus niger,Eastern Fox Squirrel,Mammalia
Kentfield,1/12/25,37.95405973,-122.5468674,Lophodytes cucullatus,Hooded Merganser,Aves
Kentfield,1/19/25,37.95146591,-122.5458991,Ardea alba,Great Egret,Aves
Kentfield,1/19/25,37.95151103,-122.5456139,Heteromeles arbutifolia,Toyon,Plantae
Kentfield,2/22/25,37.9511005,-122.5446034,Baeolophus inornatus,Oak Titmouse,Aves
Kentfield,2/23/25,37.95172119,-122.5447159,Xystocheir dissecta,,Animalia
Kentfield,2/25/25,37.95479965,-122.5499496,Ardea alba,Great Egret,Aves
Kentfield,3/4/25,37.95126667,-122.54525,Anas platyrhynchos,Mallard,Aves
Kentfield,3/5/25,37.95164167,-122.5456917,Branta canadensis,Canada Goose,Aves
Kentfield,3/8/25,37.95193882,-122.5444174,Aphelocoma californica,California Scrub-Jay,Aves
Kentfield,3/13/25,37.94996701,-122.5481912,Ardea alba,Great Egret,Aves
Kentfield,3/15/25,37.9516,-122.5457167,Lophodytes cucullatus,Hooded Merganser,Aves
Kentfield,3/23/25,37.95438117,-122.5492056,Butorides virescens,Green Heron,Aves
Kentfield,3/24/25,37.95165333,-122.545625,Branta canadensis,Canada Goose,Aves
Kentfield,3/24/25,37.954175,-122.5484867,Baeolophus inornatus,Oak Titmouse,Aves
Kentfield,3/24/25,37.953705,-122.5461417,Butorides virescens,Green Heron,Aves
Kentfield,3/25/25,37.95200793,-122.5443052,Trametes versicolor,turkey-tail,Fungi
Kentfield,3/25/25,37.95385333,-122.54683,Anas platyrhynchos,Mallard,Aves
Kentfield,3/28/25,37.95164167,-122.5457383,Apis mellifera,Western Honey Bee,Insecta
Kentfield,3/28/25,37.95041333,-122.544945,Erodium botrys,Mediterranean Stork's-bill,Plantae
Kentfield,4/2/25,37.954475,-122.549395,Clathrus ruber,red-cage fungus,Fungi
Kentfield,4/10/25,37.95556639,-122.550939,Hyalophora euryalus,Ceanothus Silk Moth,Insecta
Kentfield,4/12/25,37.95385333,-122.54653,Anas platyrhynchos,Mallard,Aves
Kentfield,4/13/25,37.95690942,-122.5497671,Corvus brachyrhynchos,American Crow,Aves
Kentfield,4/19/25,37.95432892,-122.5488825,Butorides virescens,Green Heron,Aves
Kentfield,4/26/25,37.94912,-122.5475467,Cotula coronopifolia,Brass Buttons,Plantae
Kentfield,4/26/25,37.94909667,-122.5474467,Lolium multiflorum,Italian Ryegrass,Plantae
Kentfield,4/26/25,37.949795,-122.547845,Frankenia salina,Alkali Heath,Plantae
Kentfield,4/26/25,37.95009167,-122.54812,Quercus agrifolia,coast live oak,Plantae
Kentfield,4/26/25,37.94984167,-122.5473717,Matricaria discoidea,pineapple-weed,Plantae
Kentfield,4/26/25,37.94983667,-122.5474033,Vinca major,greater periwinkle,Plantae
Kentfield,4/26/25,37.95007,-122.5477833,Baccharis pilularis,coyote brush,Plantae
Kentfield,4/26/25,37.95010833,-122.5479283,Calypte anna,Anna's Hummingbird,Aves
Kentfield,4/26/25,37.95010333,-122.547975,Foeniculum vulgare,fennel,Plantae
Kentfield,4/26/25,37.95010333,-122.54798,Raphanus raphanistrum,Wild radish,Plantae
Kentfield,4/26/25,37.95010833,-122.547975,Euphorbia oblongata,eggleaf spurge,Plantae
Kentfield,5/4/25,37.95546333,-122.5499583,Pipilo maculatus,Spotted Towhee,Aves
Kentfield,5/5/25,37.95387833,-122.5462417,Branta canadensis,Canada Goose,Aves
Kentfield,5/5/25,37.953975,-122.5477617,Anas platyrhynchos,Mallard,Aves
Kentfield,5/9/25,37.95134293,-122.5454847,Anas platyrhynchos,Mallard,Aves
Kentfield,5/11/25,37.95062167,-122.5448917,Odocoileus hemionus,Mule Deer,Mammalia
Kentfield,5/12/25,37.95281167,-122.5459833,Sciurus niger,Eastern Fox Squirrel,Mammalia
Kentfield,5/15/25,37.95391333,-122.5461883,Apis mellifera,Western Honey Bee,Insecta
Kentfield,5/18/25,37.95287778,-122.5458972,Glycaspis brimblecombei,Red Gum Lerp Psyllid,Insecta
Kentfield,5/14/25,37.95124167,-122.5460283,Petrochelidon pyrrhonota,Cliff Swallow,Aves
Kentfield,5/9/25,37.9513737,-122.5455883,Anas platyrhynchos,Mallard,Aves
Kentfield,5/9/25,37.9512331,-122.5455707,Corvus brachyrhynchos,American Crow,Aves
Kentfield,5/10/25,37.95119715,-122.5457155,Anas platyrhynchos,Mallard,Aves
Kentfield,5/17/25,37.95101667,-122.5452583,Odocoileus hemionus,Mule Deer,Mammalia
Kentfield,5/27/25,37.95162,-122.5453717,Eriogonum fasciculatum,California Buckwheat,Plantae
Kentfield,5/28/25,37.95416667,-122.5490283,Butorides virescens,Green Heron,Aves
Kentfield,7/12/25,37.95157,-122.54532,Ardea alba,Great Egret,Aves
Kentfield,5/26/25,37.94850333,-122.54728,Eriogonum fasciculatum,California Buckwheat,Plantae
Kentfield,8/2/25,37.95278,-122.5481117,Asclepias fascicularis,narrowleaf milkweed,Plantae
Kentfield,8/3/25,37.95278611,-122.5481111,Asclepias fascicularis,narrowleaf milkweed,Plantae
Kentfield,8/20/25,37.9514654,-122.5449472,Acer negundo,boxelder,Plantae
Kentfield,8/20/25,37.9516165,-122.5456342,Melospiza melodia,Song Sparrow,Aves
Kentfield,8/28/25,37.95128333,-122.5459222,Distichlis spicata,Saltgrass,Plantae
Kentfield,8/28/25,37.95128333,-122.5459222,Jaumea carnosa,Marsh Jaumea,Plantae
Kentfield,8/28/25,37.95126389,-122.5459667,Salicornia pacifica,Pacific Glasswort,Plantae
Kentfield,8/28/25,37.95127222,-122.5459361,Jaumea carnosa,Marsh Jaumea,Plantae
Kentfield,8/28/25,37.95128889,-122.5461056,Quercus agrifolia,coast live oak,Plantae
Kentfield,8/28/25,37.95186945,-122.545975,Quercus agrifolia,coast live oak,Plantae
Kentfield,8/28/25,37.952575,-122.5461278,Rubus armeniacus,Armenian Blackberry,Plantae
Kentfield,8/28/25,37.95015833,-122.546875,Toxicodendron diversilobum,Pacific poison oak,Plantae
Kentfield,8/28/25,37.95142778,-122.5451889,Foeniculum vulgare,fennel,Plantae
Kentfield,8/28/25,37.951225,-122.5448306,Frankenia salina,Alkali Heath,Plantae
Kentfield,8/28/25,37.95142778,-122.5449,Amaryllis belladonna,Belladonna Lily,Plantae
Kentfield,9/11/25,37.95197167,-122.545875,Carcinus maenas,European Green Crab,Animalia
Kentfield,9/11/25,37.95276667,-122.5459283,Ardea alba,Great Egret,Aves
Kentfield,9/11/25,37.95267833,-122.5458917,Ardea herodias,Great Blue Heron,Aves
Kentfield,9/12/25,37.950725,-122.5449917,Psaltriparus minimus,Bushtit,Aves
Kentfield,9/12/25,37.95078333,-122.5449917,Psaltriparus minimus,Bushtit,Aves
Kentfield,9/9/25,37.95317778,-122.5458833,Ardea alba,Great Egret,Aves
Kentfield,9/9/25,37.953075,-122.5458972,Ardea alba,Great Egret,Aves
Kentfield,9/9/25,37.95063056,-122.5448917,Egretta thula,Snowy Egret,Aves
Kentfield,9/9/25,37.95316389,-122.5458667,Ardea herodias,Great Blue Heron,Aves
Kentfield,9/10/25,37.95409722,-122.5481861,Anas platyrhynchos,Mallard,Aves
Kentfield,9/15/25,37.95080833,-122.5450444,Himantopus mexicanus,Black-necked Stilt,Aves
Kentfield,9/10/25,37.95263611,-122.5459361,Ardea alba,Great Egret,Aves
Kentfield,9/15/25,37.95278889,-122.5459222,Ardea alba,Great Egret,Aves
Kentfield,9/15/25,37.95355278,-122.5458972,Ardea alba,Great Egret,Aves
Kentfield,9/15/25,37.95273611,-122.5459361,Egretta thula,Snowy Egret,Aves
Kentfield,9/21/25,37.94754693,-122.5436849,Foeniculum vulgare,fennel,Plantae
Kentfield,9/23/25,37.95570333,-122.5488667,Contia tenuis,Common Sharp-tailed Snake,Reptilia
Kentfield,9/15/25,37.95311667,-122.5459056,Egretta thula,Snowy Egret,Aves
Kentfield,9/26/25,37.95147167,-122.5449367,Melospiza melodia,Song Sparrow,Aves
Kentfield,9/8/25,37.95281667,-122.545905,Ardea alba,Great Egret,Aves
Kentfield,10/9/25,37.95172167,-122.5454383,Quercus agrifolia,coast live oak,Plantae
Kentfield,10/24/25,37.95047,-122.54487,Ardea alba,Great Egret,Aves
Kentfield,10/29/25,37.9519533,-122.5442519,Diabrotica undecimpunctata,Spotted Cucumber Beetle,Insecta
Kentfield,11/13/25,37.95398,-122.5479883,Laetiporus gilbertsonii,Western Hardwood Sulphur Shelf,Fungi
Kentfield,11/13/25,37.95388333,-122.547705,Laetiporus gilbertsonii,Western Hardwood Sulphur Shelf,Fungi
Kentfield,11/14/25,37.95589106,-122.549946,Danaus plexippus,Monarch,Insecta
Kentfield,11/18/25,37.95052833,-122.5448783,Lophodytes cucullatus,Hooded Merganser,Aves
Kentfield,11/22/25,37.94917,-122.5480367,Odocoileus hemionus columbianus,Columbian Black-tailed Deer,Mammalia
Kentfield,11/19/25,37.9555011,-122.5510364,Heteromeles arbutifolia,Toyon,Plantae
Kentfield,12/1/25,37.95632749,-122.5492391,Omphalotus olivascens,western jack-o'-lantern,Fungi
Kentfield,11/29/25,37.95098222,-122.5444405,Nycticorax nycticorax,Black-crowned Night Heron,Aves
Kentfield,11/29/25,37.95067227,-122.5453693,Larus delawarensis,Ring-billed Gull,Aves
Kentfield,11/29/25,37.95123752,-122.5443311,Falco columbarius,Merlin,Aves
Kentfield,12/5/25,37.95588083,-122.5499376,Danaus plexippus,Monarch,Insecta
Kentfield,12/12/25,37.95613283,-122.5499125,Danaus plexippus,Monarch,Insecta
Kentfield,12/31/25,37.95423833,-122.5488967,Lontra canadensis,North American River Otter,Mammalia
Kentfield,1/15/26,37.951175,-122.5450583,Vinca major,greater periwinkle,Plantae
Kentfield,1/28/26,37.94743774,-122.5431502,Bucephala albeola,Bufflehead,Aves
Kentfield,1/28/26,37.94743667,-122.543145,Bucephala albeola,Bufflehead,Aves
Kentfield,1/21/26,37.95649667,-122.5492867,Nemoria pulcherrima,,Insecta
Kentfield,1/27/26,37.95600333,-122.5500333,Bellis perennis,Lawn daisy,Plantae
Kentfield,1/28/26,37.95551667,-122.549705,Bombus vosnesenskii,Yellow-faced Bumble Bee,Insecta
Kentfield,2/9/26,37.95529167,-122.5502867,Vicia sativa,Common Vetch,Plantae
Kentfield,2/10/26,37.95548,-122.5503467,Borago officinalis,Borage,Plantae
Kentfield,2/10/26,37.95188833,-122.5458217,Lophodytes cucullatus,Hooded Merganser,Aves
Kentfield,2/12/26,37.95186667,-122.5457467,Anas platyrhynchos domesticus,Domestic Mallard,Aves
Kentfield,2/12/26,37.95362167,-122.5503167,Bombycilla cedrorum,Cedar Waxwing,Aves
Kentfield,2/19/26,37.95060333,-122.545005,Salicornia pacifica,Pacific Glasswort,Plantae
Kentfield,3/3/26,37.95022167,-122.5469283,Buteo lineatus elegans,California Red-shouldered Hawk,Aves
Kentfield,3/10/26,37.95520833,-122.5494617,Boisea rubrolineata,Western Boxelder Bug,Insecta
Kentfield,3/7/26,37.95385,-122.5466,Mergus merganser,Common Merganser,Aves
Kentfield,3/7/26,37.95052833,-122.54493,Plantago lanceolata,ribwort plantain,Plantae
Kentfield,3/15/26,37.9518709,-122.5500866,Dolichovespula arenaria,Common Aerial Yellowjacket,Insecta
Kentfield,3/21/26,37.95147,-122.54525,Charadrius vociferus,Killdeer,Aves
Kentfield,3/29/26,37.951275,-122.54518,Alopecosa kochi,Koch's Wolf Spider,Arachnida
Kentfield,4/4/26,37.952395,-122.5461633,Gavia stellata,Red-throated Loon,Aves
Kentfield,4/8/26,37.95576389,-122.5504444,Hyles lineata,White-lined Sphinx,Insecta
Kentfield,3/18/26,37.95205278,-122.5458833,Nannopterum auritum,Double-crested Cormorant,Aves
Kentfield,3/18/26,37.95202778,-122.5458833,Branta canadensis,Canada Goose,Aves
Kentfield,4/11/26,37.95235,-122.5462033,Hyles lineata,White-lined Sphinx,Insecta
Kentfield,4/11/26,37.952345,-122.5462117,Hyles lineata,White-lined Sphinx,Insecta
Kentfield,4/11/26,37.95049656,-122.546014,Hyles lineata,White-lined Sphinx,Insecta
Kentfield,4/2/26,37.95053833,-122.5447917,Sympetrum illotum,Cardinal Meadowhawk,Insecta
Kentfield,4/6/26,37.95538667,-122.55082,Liometopum occidentale,Western Velvety Tree Ant,Insecta
Kentfield,4/16/26,37.95387151,-122.549313,Eschscholzia californica,California poppy,Plantae
Kentfield,4/21/26,37.95625668,-122.5490785,Clathrus ruber,red-cage fungus,Fungi
Kentfield,4/20/26,37.95586333,-122.5502617,Cornu aspersum,Garden Snail,Mollusca
Kentfield,2/12/26,37.95050833,-122.5464083,Buteo lineatus,Red-shouldered Hawk,Aves
Kentfield,2/12/26,37.95149167,-122.545325,Branta canadensis,Canada Goose,Aves
Kentfield,2/12/26,37.95385,-122.5464117,Calypte anna,Anna's Hummingbird,Aves
Kentfield,2/12/26,37.95428333,-122.5499583,Vinca major,greater periwinkle,Plantae
Kentfield,4/26/26,37.954314,-122.5491176,Euphorbia oblongata,eggleaf spurge,Plantae
Kentfield,4/26/26,37.95140556,-122.5452806,Anas platyrhynchos,Mallard,Aves
Kentfield,4/26/26,37.95383889,-122.5468,Anas platyrhynchos,Mallard,Aves
Kentfield,4/26/26,37.95139444,-122.5452806,Branta canadensis,Canada Goose,Aves
Kentfield,4/25/26,37.95621857,-122.5498722,Arbutus menziesii,Pacific madrone,Plantae
Kentfield,4/28/26,37.95535333,-122.55085,Sceloporus occidentalis,Western Fence Lizard,Reptilia
Kentfield,4/28/26,37.95518667,-122.55092,Triadica sebifera,Chinese Tallow,Plantae
Kentfield,5/4/26,37.95541667,-122.5509639,Junco hyemalis,Dark-eyed Junco,Aves
Kentfield,4/20/26,37.95590278,-122.549675,Cornu aspersum,Garden Snail,Mollusca
Kentfield,5/5/26,37.95451575,-122.5497391,Junco hyemalis,Dark-eyed Junco,Aves
Kentfield,5/9/26,37.95046667,-122.5448833,Melospiza melodia,Song Sparrow,Aves
Kentfield,4/25/26,37.9539393,-122.5484105,Castilleja densiflora densiflora,,Plantae
Kentfield,5/14/26,37.95513,-122.5496367,Elgaria multicarinata,Southern Alligator Lizard,Reptilia
Kentfield,4/8/26,37.95242306,-122.5459558,Nannopterum auritum,Double-crested Cormorant,Aves
Kentfield,5/6/26,37.95510833,-122.5500111,Sialia mexicana,Western Bluebird,Aves
Kentfield,5/11/26,37.95522222,-122.5496667,Sialia mexicana,Western Bluebird,Aves
Kentfield,5/11/26,37.9563,-122.5497583,Polystichum munitum,western sword fern,Plantae
Kentfield,5/11/26,37.9562,-122.54995,Polystichum munitum,western sword fern,Plantae
Kentfield,5/11/26,37.95425278,-122.550575,Eschscholzia californica,California poppy,Plantae
Kentfield,5/11/26,37.95439167,-122.5510111,Quercus lobata,valley oak,Plantae
Kentfield,5/11/26,37.95445,-122.5506278,Baccharis pilularis,coyote brush,Plantae
Kentfield,5/11/26,37.95446111,-122.5506139,Quercus lobata,valley oak,Plantae
Kentfield,5/11/26,37.95432778,-122.5506972,Notholithocarpus densiflorus,Tanoak,Plantae
Kentfield,5/11/26,37.95433333,-122.5504611,Quercus agrifolia,coast live oak,Plantae
Kentfield,5/11/26,37.95435278,-122.5503472,Quercus agrifolia,coast live oak,Plantae
Kentfield,5/11/26,37.95435278,-122.5503389,Quercus agrifolia,coast live oak,Plantae
Kentfield,5/11/26,37.95430278,-122.5505917,Vinca major,greater periwinkle,Plantae
Kentfield,5/11/26,37.95446389,-122.5506056,Quercus lobata,valley oak,Plantae
Kentfield,5/11/26,37.95455556,-122.549675,Carya illinoinensis,pecan,Plantae
Kentfield,5/11/26,37.95582222,-122.5509639,Dryobates pubescens,Downy Woodpecker,Aves
Kentfield,5/12/26,37.95218611,-122.5458972,Nannopterum auritum,Double-crested Cormorant,Aves
Kentfield,5/12/26,37.95135,-122.5465778,Egretta thula,Snowy Egret,Aves
Kentfield,5/12/26,37.95184722,-122.5457389,Anas platyrhynchos,Mallard,Aves
Kentfield,5/12/26,37.95185,-122.5457306,Egretta thula,Snowy Egret,Aves
Kentfield,5/12/26,37.95127222,-122.5449444,Quercus lobata,valley oak,Plantae
Kentfield,5/12/26,37.95130556,-122.544975,Vinca major,greater periwinkle,Plantae
Kentfield,5/12/26,37.95138889,-122.5449056,Vinca major,greater periwinkle,Plantae
Kentfield,5/12/26,37.95146667,-122.5449,Conium maculatum,poison hemlock,Plantae
Kentfield,5/12/26,37.95141111,-122.5448917,Andricus quercuscalifornicus,California Gall Wasp,Insecta
Kentfield,5/12/26,37.95141111,-122.5448917,Quercus lobata,valley oak,Plantae
Kentfield,5/12/26,37.95161389,-122.5454417,Branta canadensis,Canada Goose,Aves
Kentfield,5/12/26,37.95161389,-122.5454417,Anas platyrhynchos,Mallard,Aves
Kentfield,5/12/26,37.95161389,-122.5454417,Anas platyrhynchos,Mallard,Aves
Kentfield,5/12/26,37.95191667,-122.5458139,Egretta thula,Snowy Egret,Aves
Kentfield,5/12/26,37.95192778,-122.5457917,Nannopterum auritum,Double-crested Cormorant,Aves
Kentfield,5/12/26,37.95192778,-122.5457917,Anas platyrhynchos,Mallard,Aves
IVC,8/7/13,38.076427,-122.584376,Spinus psaltria,Lesser Goldfinch,Aves
IVC,11/29/15,38.0787,-122.5859467,Zonotrichia atricapilla,Golden-crowned Sparrow,Aves
IVC,11/29/15,38.07763333,-122.5833567,Xanthoria parietina,Common Sunburst Lichen,Fungi
IVC,4/21/16,38.077625,-122.5856167,Dasymutilla aureola,Pacific Velvet Ant,Insecta
IVC,6/25/16,38.07754188,-122.5831245,Icaricia acmon,Acmon Blue,Insecta
IVC,8/10/16,38.07656302,-122.5847616,Ardea alba,Great Egret,Aves
IVC,8/10/16,38.07642417,-122.5846342,Pituophis catenifer catenifer,Pacific Gopher Snake,Reptilia
IVC,8/10/16,38.0763078,-122.5846646,Adelpha californica,California Sister,Insecta
IVC,8/10/16,38.07633952,-122.5842999,Pituophis catenifer catenifer,Pacific Gopher Snake,Reptilia
IVC,8/23/10,38.075802,-122.577187,Taricha torosa,California Newt,Amphibia
IVC,8/23/10,38.075802,-122.577187,Pseudacris regilla,Pacific chorus frog,Amphibia
IVC,4/7/17,38.0773695,-122.5734717,Castilleja densiflora densiflora,,Plantae
IVC,4/7/17,38.07913617,-122.5742867,Osmorhiza berteroi,mountain sweet cicely,Plantae
IVC,4/7/17,38.07919717,-122.5751633,Toxicodendron diversilobum,Pacific poison oak,Plantae
IVC,4/7/17,38.08035,-122.5789333,Trifolium depauperatum,cowbag clover,Plantae
IVC,4/7/17,38.08047217,-122.5800033,Parentucellia latifolia,Broadleaf Glandweed,Plantae
IVC,4/7/17,38.080525,-122.5800867,Trifolium dubium,Lesser hop trefoil,Plantae
IVC,4/15/17,38.07753333,-122.5828194,Trifolium incarnatum,crimson clover,Plantae
IVC,4/15/17,38.07777778,-122.5830306,Platycotis vittata,Oak Treehopper,Insecta
IVC,4/15/17,38.0784,-122.585525,Sympetrum madidum,Red-veined Meadowhawk,Insecta
IVC,4/14/17,38.07722549,-122.5822842,Briza maxima,Greater Quaking Grass,Plantae
IVC,4/14/17,38.078,-122.585,Anaxyrus boreas,Western Toad,Amphibia
IVC,4/14/17,38.078,-122.582,Junonia grisea,Gray Buckeye,Insecta
IVC,4/14/17,38.078,-122.585,Taraxia ovata,Sun Cup,Plantae
IVC,4/14/17,38.078,-122.585,Sceloporus occidentalis,Western Fence Lizard,Reptilia
IVC,4/14/17,38.078,-122.585,Sceloporus occidentalis,Western Fence Lizard,Reptilia
IVC,4/14/17,38.07717171,-122.5848378,Triphysaria pusilla,dwarf owl's-clover,Plantae
IVC,4/14/17,38.0766689,-122.5833195,Hemileuca eglanterina,Western Sheep Moth,Insecta
IVC,4/15/17,38.075802,-122.577187,Anaxyrus boreas,Western Toad,Amphibia
IVC,4/15/17,38.075802,-122.577187,Taricha torosa,California Newt,Amphibia
IVC,4/15/17,38.075802,-122.577187,Wyethia angustifolia,narrowleaf mule-ears,Plantae
IVC,4/15/17,38.077995,-122.5832117,Arctostaphylos manzanita manzanita,,Plantae
IVC,7/15/17,38.07691001,-122.5819204,Pseudacris regilla,Pacific chorus frog,Amphibia
IVC,7/15/17,38.076902,-122.5819565,Sceloporus occidentalis,Western Fence Lizard,Reptilia
IVC,2/11/18,38.07710556,-122.5823861,Phidippus johnsoni,Johnson's Jumping Spider,Arachnida
IVC,2/11/18,38.0776393,-122.5838183,Promecognathus crassus,Straight-jawed Pedunculate Ground Beetle,Insecta
IVC,2/11/18,38.07840278,-122.5839833,Rhopalomyia californica,Coyote Brush Bud Gall Midge,Insecta
IVC,2/11/18,38.07732059,-122.5833444,Hydriomena nubilofasciata,Oak Winter Highflier,Insecta
IVC,2/11/18,38.07828611,-122.5839361,Rhopalomyia baccharis,Baccharis Stem Gall Midge,Insecta
IVC,2/11/18,38.0801,-122.5858611,Gnorimoschema baccharisella,Coyote Brush Stem Gall Moth,Insecta
IVC,2/22/16,38.07769,-122.5809002,Bolbitius titubans,yellow fieldcap,Fungi
IVC,4/10/18,38.07596117,-122.58155,Odocoileus hemionus columbianus,Columbian Black-tailed Deer,Mammalia
IVC,3/31/18,38.07801125,-122.5815034,Hygrocybe flavescens,Golden Waxy Cap,Fungi
IVC,3/29/18,38.07810771,-122.5768034,Amanita augusta,Western Yellow-veiled Amanita,Fungi
IVC,3/4/18,38.07302225,-122.5802368,Phyllotopsis nidulans,Stinking Orange Oyster,Fungi
IVC,3/4/18,38.07191108,-122.580253,Leccinum manzanitae,Manzanita bolete,Fungi
IVC,2/26/18,38.07692863,-122.5760736,Trametes betulina,Gilled Polypore,Fungi
IVC,1/29/18,38.07787885,-122.5752323,Psathyrella piluliformis,Common Stump Brittlestem,Fungi
IVC,1/29/18,38.07750084,-122.575797,Gymnopus brassicolens,Cabbage Parachute,Fungi
IVC,1/29/18,38.07787527,-122.57553,Lactarius argillaceifolius megacarpus,Giant Gray Milk Cap,Fungi
IVC,1/29/18,38.07774418,-122.5758669,Ceratiomyxa fruticulosa,Common Coral Slime,Protozoa
IVC,1/29/18,38.07801921,-122.5758636,Arcyria denudata,carnival candy slime mold,Protozoa
IVC,2/26/18,38.07791348,-122.5796432,Annulohypoxylon thouarsianum,Cramp Balls,Fungi
IVC,1/29/18,38.07801205,-122.5762879,Hypomyces cervinigenus,,Fungi
IVC,4/16/18,38.07718052,-122.5758854,Xylaria hypoxylon,Candlesnuff Fungus,Fungi
IVC,4/16/18,38.07688297,-122.5760725,Lipoptena depressa,Western American Deer Ked,Insecta
IVC,3/29/18,38.07810495,-122.5760763,Sanicula bipinnatifida,Purple Sanicle,Plantae
IVC,3/11/18,38.07685567,-122.5758566,Fritillaria affinis,checker lily,Plantae
IVC,3/4/18,38.07346938,-122.5805912,Russula cremoricolor,Winter Russula,Fungi
IVC,3/24/15,38.07768548,-122.5753441,Contia tenuis,Common Sharp-tailed Snake,Reptilia
IVC,1/29/18,38.07779978,-122.5764323,Gymnopilus luteofolius,Yellow-gilled Gymnopilus,Fungi
IVC,4/16/18,38.07726269,-122.575506,Phaeomarasmius erinaceus,hedgehog scalycap,Fungi
IVC,1/29/18,38.07731602,-122.5756683,Mucronella flava,,Fungi
IVC,4/22/18,38.07751185,-122.5766116,Diplacus aurantiacus,orange bush monkeyflower,Plantae
IVC,5/10/18,38.07813959,-122.5775562,Sherardia arvensis,Field madder,Plantae
IVC,5/10/18,38.07773317,-122.576412,Arphia behrensi,California Sulphur-winged Grasshopper,Insecta
IVC,5/10/18,38.07823599,-122.5765014,Phidippus johnsoni,Johnson's Jumping Spider,Arachnida
IVC,5/10/18,38.07748975,-122.5821282,Rosa,roses,Plantae
IVC,3/4/18,38.07497194,-122.5816471,Amanita novinupta,Blushing Bride Amanita,Fungi
IVC,2/22/18,38.0770839,-122.5818639,Psathyrella piluliformis,Common Stump Brittlestem,Fungi
IVC,5/15/18,38.07951199,-122.5727514,Calochortus luteus,Yellow Mariposa Lily,Plantae
IVC,4/16/18,38.0772769,-122.5788169,Gymnopilus luteofolius,Yellow-gilled Gymnopilus,Fungi
IVC,5/29/18,38.07543109,-122.5849922,Aesculus californica,California buckeye,Plantae
IVC,3/4/17,38.069551,-122.575145,Coprinus comatus,Shaggy Mane,Fungi
IVC,7/6/18,38.07741236,-122.5829623,Mentha pulegium,Pennyroyal,Plantae
IVC,7/12/18,38.08061077,-122.5747737,Erigeron karvinskianus,Mexican Fleabane,Plantae
IVC,7/13/18,38.07727761,-122.5785192,Calendula arvensis,field marigold,Plantae
IVC,7/13/18,38.0777774,-122.581164,Croton setiger,turkey mullein,Plantae
IVC,7/13/18,38.07738592,-122.5793323,Kickxia elatine,Sharp-leaved Fluellen,Plantae
IVC,7/13/18,38.07676451,-122.5822293,Phyla nodiflora,turkey tangle frogfruit,Plantae
IVC,7/27/18,38.07663266,-122.5827836,Spartium junceum,Spanish Broom,Plantae
IVC,2/22/16,38.07304377,-122.5752344,Taraxia ovata,Sun Cup,Plantae
IVC,8/2/18,38.08044393,-122.5794564,Mentha pulegium,Pennyroyal,Plantae
IVC,8/2/18,38.08040283,-122.5794133,Mentha pulegium,Pennyroyal,Plantae
IVC,8/5/18,38.07307506,-122.5792236,Salix lasiandra,Pacific Willow,Plantae
IVC,2/22/16,38.07863969,-122.5826372,Bellis perennis,Lawn daisy,Plantae
IVC,2/11/18,38.07753611,-122.583125,Taraxia ovata,Sun Cup,Plantae
IVC,11/28/18,38.07601384,-122.5831836,Sitta carolinensis,White-breasted Nuthatch,Aves
IVC,11/28/18,38.07870179,-122.5850504,Sayornis saya,Say's Phoebe,Aves
IVC,1/3/19,38.07813263,-122.5778885,Trametes betulina,Gilled Polypore,Fungi
IVC,1/3/19,38.07930374,-122.5771408,Aureoboletus flaviporus,viscid bolete,Fungi
IVC,1/3/19,38.07902145,-122.577034,Tricholoma dryophilum,Oak-loving Trich,Fungi
IVC,1/21/19,38.07567217,-122.5847167,Silybum marianum,milk thistle,Plantae
IVC,1/28/19,38.07654388,-122.5818335,Junco hyemalis,Dark-eyed Junco,Aves
IVC,1/31/19,38.0760305,-122.5841617,Taricha torosa,California Newt,Amphibia
IVC,2/23/19,38.07849503,-122.5856476,Anaxyrus boreas,Western Toad,Amphibia
IVC,2/23/19,38.07681656,-122.585434,Adiantum jordanii,California Maidenhair Fern,Plantae
IVC,2/23/19,38.07678223,-122.5854416,Arctostaphylos manzanita manzanita,,Plantae
IVC,2/23/19,38.07611847,-122.5770416,Taraxia ovata,Sun Cup,Plantae
IVC,3/14/19,38.07637783,-122.5831133,Nemophila menziesii,baby blue eyes,Plantae
IVC,3/13/19,38.07634701,-122.5831542,Nemophila menziesii,baby blue eyes,Plantae
IVC,3/13/19,38.0755978,-122.5846493,Silybum marianum,milk thistle,Plantae
IVC,3/18/19,38.07629717,-122.5836033,Nemophila menziesii,baby blue eyes,Plantae
IVC,3/18/19,38.07737783,-122.5827033,Taraxia ovata,Sun Cup,Plantae
IVC,3/18/19,38.0776055,-122.584945,Bellis perennis,Lawn daisy,Plantae
IVC,3/29/19,38.0802931,-122.5836139,Sonchus asper,prickly sowthistle,Plantae
IVC,4/4/19,38.07639717,-122.58368,Hyalophora euryalus,Ceanothus Silk Moth,Insecta
IVC,4/4/19,38.07675283,-122.58303,Hyalophora euryalus,Ceanothus Silk Moth,Insecta
IVC,4/8/19,38.075802,-122.577187,Nemophila menziesii,baby blue eyes,Plantae
IVC,4/12/19,38.07569218,-122.5846924,Silybum marianum,milk thistle,Plantae
IVC,4/25/19,38.07644115,-122.58366,Apantesis ornata,Ornate Tiger Moth,Insecta
IVC,5/2/19,38.076675,-122.584525,Coccinella septempunctata,Seven-spotted Lady Beetle,Insecta
IVC,5/5/19,38.07653333,-122.5738217,Wyethia angustifolia,narrowleaf mule-ears,Plantae
IVC,5/5/19,38.0764195,-122.5738617,Triteleia hyacinthina,white brodiaea,Plantae
IVC,5/5/19,38.07665,-122.5737833,Castilleja densiflora densiflora,,Plantae
IVC,5/5/19,38.07833481,-122.585556,Crotalus oreganus oreganus,Northern Pacific Rattlesnake,Reptilia
IVC,5/14/19,38.07608741,-122.5847855,Harmonia axyridis,Asian Lady Beetle,Insecta
IVC,5/17/19,38.07842739,-122.5848192,Trachemys scripta,Pond Slider,Reptilia
IVC,6/11/19,38.07762601,-122.5837092,Anaxyrus boreas,Western Toad,Amphibia
IVC,7/1/19,38.07488883,-122.585305,Hemileuca eglanterina,Western Sheep Moth,Insecta
IVC,7/15/19,38.07515992,-122.5847918,Buteo jamaicensis,Red-tailed Hawk,Aves
IVC,7/23/19,38.07682875,-122.58319,Croton setiger,turkey mullein,Plantae
IVC,5/5/19,38.073245,-122.57389,Dichelostemma congestum,Ookow,Plantae
IVC,9/13/19,38.07726731,-122.5830024,Junonia grisea,Gray Buckeye,Insecta
IVC,10/2/19,38.07874435,-122.585313,Haemorhous mexicanus,House Finch,Aves
IVC,10/2/19,38.07982443,-122.5829931,Sceloporus occidentalis bocourtii,Coast Range Fence Lizard,Reptilia
IVC,10/16/19,38.07668459,-122.5798386,Odocoileus hemionus columbianus,Columbian Black-tailed Deer,Mammalia
IVC,10/19/19,38.07588622,-122.5840683,Procyon lotor,Common Raccoon,Mammalia
IVC,10/27/19,38.07815088,-122.5840397,Pseudacris regilla,Pacific chorus frog,Amphibia
IVC,3/16/20,38.07693508,-122.5825769,Cydonia oblonga,Quince,Plantae
IVC,3/16/20,38.07693508,-122.5825769,Vicia villosa,hairy vetch,Plantae
IVC,3/16/20,38.07693508,-122.5825769,Sanicula bipinnatifida,Purple Sanicle,Plantae
IVC,3/28/20,38.07705283,-122.5852283,Viola pedunculata,California Golden Violet,Plantae
IVC,4/19/20,38.07704394,-122.5853694,Viola pedunculata,California Golden Violet,Plantae
IVC,5/3/20,38.07732785,-122.5751228,Euclidia ardita,,Insecta
IVC,5/5/20,38.0766304,-122.5820787,Eschscholzia californica,California poppy,Plantae
IVC,5/15/20,38.08051383,-122.5833967,Bombus californicus,California Bumble Bee,Insecta
IVC,5/18/20,38.0756877,-122.5771276,Cultellunguis americanus,,Insecta
IVC,5/17/20,38.07988617,-122.5769717,Lampropeltis californiae,California King Snake,Reptilia
IVC,5/17/20,38.080525,-122.5799717,Pituophis catenifer catenifer,Pacific Gopher Snake,Reptilia
IVC,5/27/20,38.07658959,-122.582664,Crotalus oreganus oreganus,Northern Pacific Rattlesnake,Reptilia
IVC,5/19/20,38.0801805,-122.5758217,Lampropeltis californiae,California King Snake,Reptilia
IVC,5/20/20,38.08058883,-122.5751283,Pituophis catenifer catenifer,Pacific Gopher Snake,Reptilia
IVC,5/22/20,38.0806195,-122.5751417,Pituophis catenifer catenifer,Pacific Gopher Snake,Reptilia
IVC,5/22/20,38.07813617,-122.58522,Elgaria multicarinata,Southern Alligator Lizard,Reptilia
IVC,5/28/20,38.07860578,-122.5841469,Crotalus oreganus oreganus,Northern Pacific Rattlesnake,Reptilia
IVC,6/17/20,38.07565401,-122.5841478,Aesculus californica,California buckeye,Plantae
IVC,6/18/20,38.08002217,-122.5830167,Cirsium vulgare,Bull Thistle,Plantae
IVC,6/19/20,38.07918617,-122.576425,Mentha pulegium,Pennyroyal,Plantae
IVC,7/2/20,38.08021667,-122.5851283,Centromadia fitchii,Fitch's tarweed,Plantae
IVC,7/27/20,38.07724905,-122.5807197,Lepus californicus,Black-tailed Jackrabbit,Mammalia
IVC,8/5/20,38.07646033,-122.58349,Pituophis catenifer,Gopher Snake,Reptilia
IVC,9/8/20,38.06823784,-122.5819664,Sceloporus occidentalis,Western Fence Lizard,Reptilia
IVC,9/11/20,38.07582783,-122.5849917,Megascops kennicottii,Western Screech-Owl,Aves
IVC,9/23/20,38.07652146,-122.5822109,Otospermophilus douglasii,Douglas's Ground Squirrel,Mammalia
IVC,9/23/20,38.07654831,-122.5818751,Odocoileus hemionus columbianus,Columbian Black-tailed Deer,Mammalia
IVC,10/6/20,38.0768987,-122.5809617,Corthylio calendula,Ruby-crowned Kinglet,Aves
IVC,10/6/20,38.07683433,-122.5811792,Odocoileus hemionus,Mule Deer,Mammalia
IVC,10/6/20,38.07720102,-122.5811134,Junco hyemalis,Dark-eyed Junco,Aves
IVC,10/6/20,38.07567706,-122.5847304,Junco hyemalis,Dark-eyed Junco,Aves
IVC,10/6/20,38.07679904,-122.5811326,Junco hyemalis,Dark-eyed Junco,Aves
IVC,11/5/20,38.078442,-122.585716,Phyciodes mylitta,Mylitta Crescent,Insecta
IVC,12/9/20,38.07582217,-122.5762633,Arctostaphylos manzanita manzanita,,Plantae
IVC,12/13/20,38.07629464,-122.5839852,Hyalophora euryalus,Ceanothus Silk Moth,Insecta
IVC,12/21/20,38.07806309,-122.583355,Sayornis nigricans,Black Phoebe,Aves
IVC,12/21/20,38.07764631,-122.5827704,Baeolophus inornatus,Oak Titmouse,Aves
IVC,1/5/21,38.07707557,-122.5828725,Zonotrichia atricapilla,Golden-crowned Sparrow,Aves
IVC,1/8/21,38.0759418,-122.5841013,Leratiomyces percevalii,Mulch Maids,Fungi
IVC,1/8/21,38.07489067,-122.5854043,Tricholoma dryophilum,Oak-loving Trich,Fungi
IVC,1/8/21,38.07586389,-122.5836479,Leratiomyces ceres,Chip Cherries,Fungi
IVC,1/9/21,38.07591111,-122.5828278,Coprinopsis lagopus,hare's foot inkcap,Fungi
IVC,1/9/21,38.07515556,-122.5787917,Cyathus striatus,fluted bird's nest fungus,Fungi
IVC,1/9/21,38.07504444,-122.5783611,Armillaria mellea,Honey Mushroom,Fungi
IVC,1/9/21,38.07494444,-122.5780528,Pholiota terrestris,Terrestrial Scalycap,Fungi
IVC,1/9/21,38.07489167,-122.5757639,Omphalotus olivascens,western jack-o'-lantern,Fungi
IVC,1/9/21,38.07504722,-122.57585,Armillaria mellea,Honey Mushroom,Fungi
IVC,1/9/21,38.07458333,-122.5747694,Stropharia ambigua,Questionable Stropharia,Fungi
IVC,1/9/21,38.07496944,-122.5749361,Leocarpus fragilis,insect-egg slime,Protozoa
IVC,1/9/21,38.07318056,-122.5787667,Coprinopsis lagopus,hare's foot inkcap,Fungi
IVC,1/9/21,38.07391944,-122.5813278,Agaricus campestris,Meadow Mushroom,Fungi
IVC,1/9/21,38.07438611,-122.581,Leratiomyces ceres,Chip Cherries,Fungi
IVC,1/13/21,38.07432222,-122.5768528,Aleuria aurantia,orange peel fungus,Fungi
IVC,1/13/21,38.07451111,-122.5771778,Amanita muscaria,Fly Agaric,Fungi
IVC,1/13/21,38.07451111,-122.5771778,Leocarpus fragilis,insect-egg slime,Protozoa
IVC,1/13/21,38.07486944,-122.5756111,Stropharia ambigua,Questionable Stropharia,Fungi
IVC,1/13/21,38.07466111,-122.5750361,Leocarpus fragilis,insect-egg slime,Protozoa
IVC,1/13/21,38.075,-122.5750444,Leratiomyces ceres,Chip Cherries,Fungi
IVC,1/13/21,38.07598333,-122.5784333,Pluteus petasatus,scaly shield,Fungi
IVC,1/25/21,38.07634779,-122.5740121,Taraxia ovata,Sun Cup,Plantae
IVC,1/25/21,38.0763372,-122.5743685,Plantago lanceolata,ribwort plantain,Plantae
IVC,1/25/21,38.07823611,-122.5768503,Arctostaphylos manzanita manzanita,,Plantae
IVC,1/25/21,38.0786975,-122.5767081,Quercus agrifolia,coast live oak,Plantae
IVC,1/25/21,38.07871444,-122.5767031,Aceria mackiei,Live Oak Erineum Mite,Arachnida
IVC,1/25/21,38.0787175,-122.5766053,Arbutus menziesii,Pacific madrone,Plantae
IVC,1/25/21,38.07872028,-122.5766722,Lonicera hispidula,Pink Honeysuckle,Plantae
IVC,1/25/21,38.07884,-122.5767647,Primula hendersonii,Henderson's shooting star,Plantae
IVC,1/25/21,38.07940806,-122.5764867,Croton setiger,turkey mullein,Plantae
IVC,1/25/21,38.07943111,-122.5762156,Gnorimoschema baccharisella,Coyote Brush Stem Gall Moth,Insecta
IVC,1/25/21,38.07943111,-122.5762156,Baccharis pilularis,coyote brush,Plantae
IVC,1/25/21,38.07937361,-122.5760936,Mentha pulegium,Pennyroyal,Plantae
IVC,1/25/21,38.07928306,-122.5759431,Odocoileus hemionus,Mule Deer,Mammalia
IVC,1/25/21,38.0794975,-122.5756792,Fossombronia,Frillworts,Plantae
IVC,1/25/21,38.08021472,-122.5755083,Zonotrichia atricapilla,Golden-crowned Sparrow,Aves
IVC,1/25/21,38.07941306,-122.57777,Quercus kelloggii,California black oak,Plantae
IVC,1/25/21,38.07802944,-122.5772583,Pteridium aquilinum pubescens,Hairy brackenfern,Plantae
IVC,1/25/21,38.07745389,-122.5770289,Heteromeles arbutifolia,Toyon,Plantae
IVC,1/25/21,38.07730917,-122.5771556,Cynosurus echinatus,bristly dogtail grass,Plantae
IVC,1/25/21,38.07730917,-122.5771556,Briza maxima,Greater Quaking Grass,Plantae
IVC,1/25/21,38.076775,-122.5768725,Corvus brachyrhynchos,American Crow,Aves
IVC,1/25/21,38.076695,-122.57628,Spinus psaltria,Lesser Goldfinch,Aves
IVC,1/25/21,38.07613528,-122.5737411,Sayornis nigricans,Black Phoebe,Aves
IVC,1/25/21,38.07995,-122.5763811,Prenolepis imparis,American Winter Ant,Insecta
IVC,2/4/21,38.07893297,-122.585857,Contia tenuis,Common Sharp-tailed Snake,Reptilia
IVC,2/2/21,38.078427,-122.5859,Aquarius remigis,North American Common Water Strider,Insecta
IVC,2/26/21,38.07880972,-122.5860317,Sialia mexicana,Western Bluebird,Aves
IVC,2/26/21,38.07856861,-122.5857747,Taraxia ovata,Sun Cup,Plantae
IVC,2/26/21,38.07857,-122.5857742,Cirsium vulgare,Bull Thistle,Plantae
IVC,3/12/21,38.07894167,-122.5858528,Taraxia ovata,Sun Cup,Plantae
IVC,3/12/21,38.07940278,-122.5859,Sanicula bipinnatifida,Purple Sanicle,Plantae
IVC,3/14/21,38.0763616,-122.5830765,Otospermophilus douglasii,Douglas's Ground Squirrel,Mammalia
IVC,3/23/21,38.07723319,-122.5853797,Viola pedunculata,California Golden Violet,Plantae
IVC,4/3/21,38.0790944,-122.5735279,Vicia villosa,hairy vetch,Plantae
IVC,4/5/21,38.07757216,-122.5827832,Zonotrichia atricapilla,Golden-crowned Sparrow,Aves
IVC,4/4/21,38.07641102,-122.5832341,Layia platyglossa,tidy tips,Plantae
IVC,4/5/21,38.07500695,-122.5853376,Pieris marginalis,Margined White,Insecta
IVC,5/14/21,38.07589717,-122.585005,Pituophis catenifer catenifer,Pacific Gopher Snake,Reptilia
IVC,5/22/21,38.074804,-122.585426,Lampropeltis californiae,California King Snake,Reptilia
IVC,5/25/21,38.07647224,-122.5837866,Sayornis nigricans,Black Phoebe,Aves
IVC,5/25/21,38.07571431,-122.584839,Silybum marianum,milk thistle,Plantae
IVC,5/30/21,38.07714262,-122.5826085,Procyon lotor,Common Raccoon,Mammalia
IVC,6/3/21,38.075875,-122.5790633,Odocoileus hemionus columbianus,Columbian Black-tailed Deer,Mammalia
IVC,6/11/21,38.07749939,-122.5838623,Baccharis pilularis,coyote brush,Plantae
IVC,6/11/21,38.07736206,-122.5838699,Lonicera hispidula,Pink Honeysuckle,Plantae
IVC,6/11/21,38.07736206,-122.5838699,Dryopteris arguta,coastal woodfern,Plantae
IVC,6/11/21,38.07610321,-122.5761185,Rubus ursinus,California Blackberry,Plantae
IVC,6/11/21,38.07610321,-122.5761185,Lonicera hispidula,Pink Honeysuckle,Plantae
IVC,6/11/21,38.07598877,-122.5768433,Erodium cicutarium,Redstem Stork's-bill,Plantae
IVC,6/11/21,38.0758667,-122.5771561,Frangula californica,coffeeberry,Plantae
IVC,6/11/21,38.07612991,-122.5765915,Epilobium canum,California fuchsia,Plantae
IVC,6/11/21,38.07616806,-122.5767975,Epilobium canum,California fuchsia,Plantae
IVC,6/11/21,38.07610703,-122.5764771,Aesculus californica,California buckeye,Plantae
IVC,6/17/21,38.07706371,-122.5825957,Procyon lotor,Common Raccoon,Mammalia
IVC,6/24/21,38.07595528,-122.5839425,Procyon lotor,Common Raccoon,Mammalia
IVC,6/22/21,38.07580595,-122.5841735,Lynx rufus,Bobcat,Mammalia
IVC,7/2/21,38.07665449,-122.5818563,Sciurus griseus,Western Gray Squirrel,Mammalia
IVC,7/2/21,38.07480284,-122.58121,Lepus californicus,Black-tailed Jackrabbit,Mammalia
IVC,7/1/21,38.0767533,-122.5818701,Baeolophus inornatus,Oak Titmouse,Aves
IVC,7/1/21,38.07137353,-122.5826248,Dasymutilla aureola,Pacific Velvet Ant,Insecta
IVC,6/28/21,38.07307074,-122.5824659,Odocoileus hemionus,Mule Deer,Mammalia
IVC,6/25/21,38.07578816,-122.5798364,Junonia grisea,Gray Buckeye,Insecta
IVC,6/24/21,38.07538792,-122.5803368,Sciurus griseus,Western Gray Squirrel,Mammalia
IVC,6/22/21,38.07558804,-122.5809127,Procyon lotor,Common Raccoon,Mammalia
IVC,7/25/21,38.078475,-122.58567,Anaxyrus boreas,Western Toad,Amphibia
IVC,7/27/21,38.07583461,-122.58437,Crotalus oreganus oreganus,Northern Pacific Rattlesnake,Reptilia
IVC,8/5/21,38.07969069,-122.5837188,Trifolium pratense,Red Clover,Plantae
IVC,8/5/21,38.07596267,-122.5842413,Cydonia oblonga,Quince,Plantae
IVC,8/7/21,38.07766383,-122.5833883,Xanthoria parietina,Common Sunburst Lichen,Fungi
IVC,8/7/21,38.0775945,-122.583205,Mentha pulegium,Pennyroyal,Plantae
IVC,8/13/21,38.07852173,-122.5855713,Centaurea solstitialis,Yellow Star-Thistle,Plantae
IVC,8/16/21,38.07864739,-122.5856806,Centromadia fitchii,Fitch's tarweed,Plantae
IVC,8/16/21,38.07590737,-122.5757776,Procyon lotor,Common Raccoon,Mammalia
IVC,9/24/21,38.07694167,-122.5772083,Calisoga longitarsis,False Tarantula,Arachnida
IVC,10/3/21,38.07625283,-122.5836867,Pseudacris regilla,Pacific chorus frog,Amphibia
IVC,10/15/21,38.07596117,-122.584975,Clathrus ruber,red-cage fungus,Fungi
IVC,10/13/21,38.0738145,-122.5767428,Odocoileus hemionus columbianus,Columbian Black-tailed Deer,Mammalia
IVC,10/23/21,38.0786945,-122.5859667,Spinus psaltria,Lesser Goldfinch,Aves
IVC,10/26/21,38.07406667,-122.5774467,Odocoileus hemionus columbianus,Columbian Black-tailed Deer,Mammalia
IVC,11/15/21,38.07525,-122.585005,Milax gagates,Greenhouse Slug,Mollusca
IVC,1/17/22,38.07505035,-122.5778961,Alopecosa kochi,Koch's Wolf Spider,Arachnida
IVC,1/29/22,38.07523128,-122.5832983,Adelinia grandis,Pacific hound's tongue,Plantae
IVC,2/5/22,38.07705,-122.584525,Taricha torosa,California Newt,Amphibia
IVC,2/12/22,38.0785354,-122.585792,Pseudacris regilla,Pacific chorus frog,Amphibia
IVC,2/13/22,38.0784555,-122.5855783,Pseudacris regilla,Pacific chorus frog,Amphibia
IVC,2/19/22,38.07821383,-122.5854117,Contia tenuis,Common Sharp-tailed Snake,Reptilia
IVC,3/5/22,38.0756195,-122.584,Agrocybe praecox,Spring Fieldcap,Fungi
IVC,3/2/22,38.07843317,-122.5855463,Geranium dissectum,Cut-leaved crane's-bill,Plantae
IVC,3/2/22,38.075802,-122.577187,Eupeodes volucris,Large-tailed Aphideater,Insecta
IVC,2/24/22,38.07598583,-122.5806569,Junco hyemalis,Dark-eyed Junco,Aves
IVC,2/24/22,38.07512097,-122.5779926,Zonotrichia atricapilla,Golden-crowned Sparrow,Aves
IVC,3/3/22,38.07740419,-122.581042,Canis latrans,Coyote,Mammalia
IVC,3/7/22,38.0776393,-122.5838183,Celastrina echo,Echo Azure,Insecta
IVC,3/7/22,38.075802,-122.577187,Ranunculus californicus,California buttercup,Plantae
IVC,3/5/22,38.07558333,-122.5839383,Leratiomyces percevalii,Mulch Maids,Fungi
IVC,3/20/22,38.07804444,-122.5839583,Castilleja densiflora,dense-flowered owl's-clover,Plantae
IVC,3/24/22,38.07284522,-122.5790513,Sciurus griseus,Western Gray Squirrel,Mammalia
IVC,3/24/22,38.07353381,-122.5804222,Odocoileus hemionus,Mule Deer,Mammalia
IVC,3/24/22,38.07575456,-122.5811586,Turdus migratorius,American Robin,Aves
IVC,4/1/22,38.0768,-122.5835633,Hyalophora euryalus,Ceanothus Silk Moth,Insecta
IVC,4/3/22,38.07785293,-122.5853027,Taraxia ovata,Sun Cup,Plantae
IVC,4/3/22,38.07630819,-122.5834468,Layia platyglossa,tidy tips,Plantae
IVC,4/10/22,38.078475,-122.585105,Sidalcea malviflora,checkerbloom,Plantae
IVC,4/10/22,38.07761667,-122.583175,Castilleja densiflora,dense-flowered owl's-clover,Plantae
IVC,4/11/22,38.07993912,-122.5763261,Bellardia viscosa,Yellow Glandweed,Plantae
IVC,4/11/22,38.0800706,-122.57586,Erodium botrys,Mediterranean Stork's-bill,Plantae
IVC,4/17/22,38.07765198,-122.5834045,Trifolium fragiferum,Strawberry clover,Plantae
IVC,4/13/22,38.07903635,-122.5837676,Apantesis ornata,Ornate Tiger Moth,Insecta
IVC,5/1/22,38.07633883,-122.5852883,Tragopogon porrifolius,purple salsify,Plantae
IVC,5/1/22,38.07650833,-122.5853417,Convolvulus arvensis,field bindweed,Plantae
IVC,5/1/22,38.07791117,-122.585755,Lysimachia arvensis,scarlet pimpernel,Plantae
IVC,5/1/22,38.07983883,-122.5856167,Dipterostemon capitatus,blue dicks,Plantae
IVC,5/7/22,38.07753754,-122.5838928,Parentucellia latifolia,Broadleaf Glandweed,Plantae
IVC,5/7/22,38.07754898,-122.5839157,Castilleja densiflora,dense-flowered owl's-clover,Plantae
IVC,5/7/22,38.07986139,-122.5779115,Elgaria multicarinata,Southern Alligator Lizard,Reptilia
IVC,5/9/22,38.07594041,-122.5837527,Spinus psaltria,Lesser Goldfinch,Aves
IVC,5/11/22,38.0761689,-122.5837134,Chondestes grammacus,Lark Sparrow,Aves
IVC,5/10/22,38.07599142,-122.5841286,Junco hyemalis,Dark-eyed Junco,Aves
IVC,5/10/22,38.07580306,-122.5842726,Sayornis nigricans,Black Phoebe,Aves
IVC,5/30/22,38.08056667,-122.573395,Calochortus luteus,Yellow Mariposa Lily,Plantae
IVC,6/4/22,38.07440283,-122.578725,Trifolium incarnatum,crimson clover,Plantae
IVC,6/7/22,38.07845283,-122.585595,Taricha torosa,California Newt,Amphibia
IVC,6/7/22,38.0768305,-122.5811617,Odocoileus hemionus,Mule Deer,Mammalia
IVC,6/19/22,38.07874809,-122.5838815,Junonia grisea,Gray Buckeye,Insecta
IVC,6/25/22,38.0782695,-122.5857167,Centromadia fitchii,Fitch's tarweed,Plantae
IVC,6/25/22,38.07823617,-122.5856867,Mentha pulegium,Pennyroyal,Plantae
IVC,7/9/22,38.07764167,-122.5856283,Centromadia fitchii,Fitch's tarweed,Plantae
IVC,6/28/22,38.07354087,-122.5819809,Odocoileus hemionus,Mule Deer,Mammalia
IVC,8/1/22,38.08051478,-122.5834062,Centromadia fitchii,Fitch's tarweed,Plantae
IVC,6/15/22,38.075802,-122.577187,Melanerpes formicivorus,Acorn Woodpecker,Aves
IVC,6/15/22,38.07589619,-122.5787534,Haemorhous mexicanus,House Finch,Aves
IVC,8/22/22,38.07961576,-122.5858588,Umbellularia californica,California bay,Plantae
IVC,8/22/22,38.07910957,-122.5858618,Baccharis pilularis,coyote brush,Plantae
IVC,8/14/22,38.07564142,-122.5814497,Odocoileus hemionus,Mule Deer,Mammalia
IVC,8/30/22,38.07607208,-122.5840895,Junonia grisea,Gray Buckeye,Insecta
IVC,9/11/22,38.07592527,-122.5787301,Odocoileus hemionus,Mule Deer,Mammalia
IVC,9/11/22,38.0745766,-122.5806137,Lepus californicus,Black-tailed Jackrabbit,Mammalia
IVC,9/19/22,38.07500479,-122.5753925,Quercus agrifolia,coast live oak,Plantae
IVC,10/3/22,38.08007446,-122.5827451,Dittrichia graveolens,Stinkwort,Plantae
IVC,10/8/22,38.07612088,-122.5848825,Cynodon dactylon,Bermuda grass,Plantae
IVC,10/10/22,38.07738569,-122.5856098,Arctostaphylos manzanita manzanita,,Plantae
IVC,11/4/22,38.07995327,-122.58306,Dittrichia graveolens,Stinkwort,Plantae
IVC,5/16/22,38.0787067,-122.5858177,Sceloporus occidentalis,Western Fence Lizard,Reptilia
IVC,5/16/22,38.0772694,-122.5855387,Triteleia laxa,Ithuriel's Spear,Plantae
IVC,5/16/22,38.0770309,-122.5853981,Clarkia amoena,Farewell-To-Spring,Plantae
IVC,11/5/20,38.078432,-122.58567,Junonia grisea,Gray Buckeye,Insecta
IVC,11/5/20,38.078272,-122.585618,Junonia grisea,Gray Buckeye,Insecta
IVC,11/5/20,38.078251,-122.585576,Junonia grisea,Gray Buckeye,Insecta
IVC,11/29/17,38.07849,-122.585714,Phyciodes mylitta,Mylitta Crescent,Insecta
IVC,11/5/20,38.07847,-122.585634,Phyciodes mylitta,Mylitta Crescent,Insecta
IVC,12/4/22,38.07600833,-122.5840133,Ariolimax buttoni,Button's Banana Slug,Mollusca
IVC,12/11/22,38.07605064,-122.5802596,Agaricus campestris,Meadow Mushroom,Fungi
IVC,12/11/22,38.07842766,-122.5771422,Pleurotus ostreatus,Oyster Mushroom,Fungi
IVC,12/11/22,38.07561374,-122.5849431,Leratiomyces percevalii,Mulch Maids,Fungi
IVC,12/11/22,38.07562115,-122.5848173,Mycena californiensis,California Mycena,Fungi
IVC,12/11/22,38.07569241,-122.5846933,Tubaria furfuracea,scurfy twiglet,Fungi
IVC,12/11/22,38.075817,-122.5843956,Psathyrella corrugis,red edge brittlestem,Fungi
IVC,1/6/23,38.07493883,-122.5851217,Amanita muscaria flavivolvata,American Fly Agaric,Fungi
IVC,1/6/23,38.07514162,-122.5852232,Amanita muscaria flavivolvata,American Fly Agaric,Fungi
IVC,1/7/23,38.07733114,-122.5841292,Bolbitius titubans,yellow fieldcap,Fungi
IVC,1/7/23,38.07674227,-122.5829521,Coprinopsis lagopus,hare's foot inkcap,Fungi
IVC,1/12/23,38.07676667,-122.580575,Dryobates pubescens,Downy Woodpecker,Aves
IVC,1/12/23,38.07689717,-122.583145,Zonotrichia atricapilla,Golden-crowned Sparrow,Aves
IVC,1/16/23,38.07699722,-122.5837556,Arctostaphylos manzanita,Common Manzanita,Plantae
IVC,2/12/23,38.07699167,-122.5845333,Pseudacris regilla,Pacific chorus frog,Amphibia
IVC,2/13/23,38.07576599,-122.5764766,Sciurus griseus,Western Gray Squirrel,Mammalia
IVC,2/13/23,38.07589103,-122.5769146,Catharus guttatus,Hermit Thrush,Aves
IVC,2/13/23,38.07598809,-122.5771305,Arbutus menziesii,Pacific madrone,Plantae
IVC,2/13/23,38.07530113,-122.5746335,Baeolophus inornatus,Oak Titmouse,Aves
IVC,2/13/23,38.07534464,-122.5751363,Corvus brachyrhynchos,American Crow,Aves
IVC,2/16/23,38.0755707,-122.5785568,Primula hendersonii,Henderson's shooting star,Plantae
IVC,2/27/23,38.0776393,-122.5838183,Iris macrosiphon,Bowltube Iris,Plantae
IVC,2/27/23,38.075802,-122.577187,Sialia mexicana,Western Bluebird,Aves
IVC,3/7/23,38.07250628,-122.5802682,Sanicula laciniata,laceleaf sanicle,Plantae
IVC,3/6/23,38.07816525,-122.5826895,Viola pedunculata,California Golden Violet,Plantae
IVC,3/7/23,38.07362754,-122.581687,Taraxia ovata,Sun Cup,Plantae
IVC,3/12/23,38.07491394,-122.5780002,Clathrus ruber,red-cage fungus,Fungi
IVC,3/12/23,38.07679123,-122.5813457,Amanita velosa,springtime amanita,Fungi
IVC,3/16/23,38.07852788,-122.5857768,Anaxyrus boreas,Western Toad,Amphibia
IVC,3/18/23,38.07495,-122.5782,Taraxia ovata,Sun Cup,Plantae
IVC,3/31/23,38.0771695,-122.5854617,Viola pedunculata,California Golden Violet,Plantae
IVC,3/31/23,38.07608346,-122.5842188,Nemophila menziesii,baby blue eyes,Plantae
IVC,4/9/23,38.0764688,-122.585395,Vicia faba,fava bean,Plantae
IVC,4/9/23,38.07594397,-122.585177,Contia tenuis,Common Sharp-tailed Snake,Reptilia
IVC,1/25/23,38.07809445,-122.5846609,Melanerpes formicivorus,Acorn Woodpecker,Aves
IVC,1/25/23,38.07809445,-122.5846609,Melozone crissalis,California Towhee,Aves
IVC,1/25/23,38.07809445,-122.5846609,Baeolophus inornatus,Oak Titmouse,Aves
IVC,1/25/23,38.07809445,-122.5846609,Calypte anna,Anna's Hummingbird,Aves
IVC,1/25/23,38.07809445,-122.5846609,Buteo lineatus,Red-shouldered Hawk,Aves
IVC,1/25/23,38.07809445,-122.5846609,Buteo jamaicensis,Red-tailed Hawk,Aves
IVC,1/25/23,38.07809445,-122.5846609,Taricha torosa,California Newt,Amphibia
IVC,1/25/23,38.07809445,-122.5846609,Zonotrichia atricapilla,Golden-crowned Sparrow,Aves
IVC,1/25/23,38.07809445,-122.5846609,Haemorhous mexicanus,House Finch,Aves
IVC,1/25/23,38.07809445,-122.5846609,Baeolophus inornatus,Oak Titmouse,Aves
IVC,1/25/23,38.07809445,-122.5846609,Zonotrichia atricapilla,Golden-crowned Sparrow,Aves
IVC,4/17/23,38.08044108,-122.581061,Parentucellia latifolia,Broadleaf Glandweed,Plantae
IVC,4/25/23,38.0763202,-122.5830282,Layia platyglossa,tidy tips,Plantae
IVC,4/28/23,38.08013531,-122.58539,Vicia villosa,hairy vetch,Plantae
IVC,4/29/23,38.07690778,-122.5825931,Lupinus succulentus,arroyo lupine,Plantae
IVC,5/2/23,38.077725,-122.5828833,Arctostaphylos manzanita manzanita,,Plantae
IVC,5/7/23,38.07915,-122.5836867,Parentucellia latifolia,Broadleaf Glandweed,Plantae
IVC,5/21/23,38.08059692,-122.584465,Castilleja densiflora densiflora,,Plantae
IVC,5/21/23,38.08062744,-122.584465,Lysimachia arvensis,scarlet pimpernel,Plantae
IVC,6/2/23,38.07844925,-122.5854645,Anaxyrus boreas halophilus,California Toad,Amphibia
IVC,6/5/23,38.07691117,-122.5826633,Lepus californicus,Black-tailed Jackrabbit,Mammalia
IVC,6/11/23,38.07685106,-122.5832711,Melanerpes formicivorus,Acorn Woodpecker,Aves
IVC,6/12/23,38.0765305,-122.5828033,Sceloporus occidentalis,Western Fence Lizard,Reptilia
IVC,6/13/23,38.07806635,-122.5840038,Triteleia hyacinthina,white brodiaea,Plantae
IVC,6/13/23,38.07868154,-122.5859867,Lampropeltis californiae,California King Snake,Reptilia
IVC,6/13/23,38.07834557,-122.5853496,Anaxyrus boreas halophilus,California Toad,Amphibia
IVC,6/14/23,38.07689224,-122.5833346,Haemorhous mexicanus,House Finch,Aves
IVC,6/14/23,38.0780824,-122.5840269,Spinus psaltria,Lesser Goldfinch,Aves
IVC,6/14/23,38.07854689,-122.586001,Aphelocoma californica,California Scrub-Jay,Aves
IVC,6/14/23,38.07714495,-122.5857649,Spinus psaltria,Lesser Goldfinch,Aves
IVC,6/23/23,38.0785186,-122.5857406,Anaxyrus boreas,Western Toad,Amphibia
IVC,7/3/23,38.08037217,-122.5753467,Mentha pulegium,Pennyroyal,Plantae
IVC,7/4/23,38.07840833,-122.5840533,Mentha pulegium,Pennyroyal,Plantae
IVC,7/4/23,38.078675,-122.5859133,Mentha pulegium,Pennyroyal,Plantae
IVC,7/3/23,38.080425,-122.5751117,Centromadia fitchii,Fitch's tarweed,Plantae
IVC,6/14/23,38.07761523,-122.5835303,Haemorhous mexicanus,House Finch,Aves
IVC,6/14/23,38.07820454,-122.5840945,Haemorhous mexicanus,House Finch,Aves
IVC,6/14/23,38.0783643,-122.5841495,Spinus psaltria,Lesser Goldfinch,Aves
IVC,6/14/23,38.07699191,-122.58423,Aphelocoma californica,California Scrub-Jay,Aves
IVC,6/14/23,38.07699191,-122.58423,Adelpha californica,California Sister,Insecta
IVC,6/14/23,38.07699191,-122.58423,Spinus psaltria,Lesser Goldfinch,Aves
IVC,7/27/23,38.08047736,-122.5846838,Croton setiger,turkey mullein,Plantae
IVC,7/28/23,38.07605662,-122.5845998,Callipepla californica brunnescens,Coastal California Quail,Aves
IVC,7/28/23,38.07710444,-122.5838247,Clathrus ruber,red-cage fungus,Fungi
IVC,7/28/23,38.07645264,-122.5843271,Camnula pellucida,Clear-winged Grasshopper,Insecta
IVC,7/28/23,38.07677563,-122.5849632,Largus californicus,California Bordered Plant Bug,Insecta
IVC,7/28/23,38.07615818,-122.5846373,Veronica persica,bird's-eye speedwell,Plantae
IVC,7/28/23,38.07617666,-122.5846923,Portulaca oleracea,Common Purslane,Plantae
IVC,7/28/23,38.07843056,-122.5840889,Centromadia fitchii,Fitch's tarweed,Plantae
IVC,7/28/23,38.07701111,-122.5811389,Aleuroplatus coronata,Crown Whitefly,Insecta
IVC,7/28/23,38.07697222,-122.5812028,Erysiphe occidentalis,,Fungi
IVC,7/28/23,38.07643602,-122.5834635,Diabrotica undecimpunctata,Spotted Cucumber Beetle,Insecta
IVC,8/23/23,38.07596667,-122.5842083,Cydonia oblonga,Quince,Plantae
IVC,8/23/23,38.07630489,-122.5834618,Harmonia axyridis,Asian Lady Beetle,Insecta
IVC,8/23/23,38.07632178,-122.5834511,Harmonia axyridis,Asian Lady Beetle,Insecta
IVC,8/23/23,38.07633022,-122.5834671,Harmonia axyridis,Asian Lady Beetle,Insecta
IVC,8/23/23,38.07633867,-122.5834671,Harmonia axyridis,Asian Lady Beetle,Insecta
IVC,8/30/23,38.07656016,-122.5824226,Melozone crissalis,California Towhee,Aves
IVC,9/24/23,38.07440033,-122.5776108,Vespula pensylvanica,Western Yellowjacket,Insecta
IVC,9/26/23,38.0768305,-122.581855,Odocoileus hemionus,Mule Deer,Mammalia
IVC,9/18/23,38.07399717,-122.5791783,Crotalus oreganus oreganus,Northern Pacific Rattlesnake,Reptilia
IVC,10/3/23,38.07840833,-122.5844333,Mantis religiosa,European Mantis,Insecta
IVC,11/2/23,38.07831383,-122.5857083,Junonia grisea,Gray Buckeye,Insecta
IVC,11/10/23,38.07625109,-122.5787025,Aesculus californica,California buckeye,Plantae
IVC,11/19/23,38.07859167,-122.5859133,Symphyotrichum chilense,Pacific Aster,Plantae
IVC,11/24/23,38.07702482,-122.5826285,Junonia grisea,Gray Buckeye,Insecta
IVC,11/27/23,38.07943531,-122.5777138,Quercus kelloggii,California black oak,Plantae
IVC,1/14/24,38.0805132,-122.5744212,Entoloma ferruginans,Bleachy Entoloma,Fungi
IVC,1/14/24,38.0743555,-122.5763783,Sciurus griseus,Western Gray Squirrel,Mammalia
IVC,1/18/24,38.07572217,-122.58512,Lactarius alnicola,golden milkcap,Fungi
IVC,1/18/24,38.07521117,-122.585,Amanita phalloides,Deathcap,Fungi
IVC,1/18/24,38.07520283,-122.58507,Leratiomyces percevalii,Mulch Maids,Fungi
IVC,1/30/24,38.07840882,-122.58526,Contia tenuis,Common Sharp-tailed Snake,Reptilia
IVC,2/1/24,38.07546667,-122.5755383,Ariolimax buttoni,Button's Banana Slug,Mollusca
IVC,10/11/23,38.07501093,-122.5773012,Melanerpes formicivorus,Acorn Woodpecker,Aves
IVC,2/10/24,38.07485833,-122.5854194,Amanita muscaria,Fly Agaric,Fungi
IVC,2/16/24,38.07488883,-122.58538,Amanita muscaria,Fly Agaric,Fungi
IVC,3/10/24,38.0785363,-122.5857802,Taricha torosa,California Newt,Amphibia
IVC,3/10/24,38.0786082,-122.585754,Pseudacris regilla,Pacific chorus frog,Amphibia
IVC,3/10/24,38.0786364,-122.5858085,Anaxyrus boreas,Western Toad,Amphibia
IVC,3/10/24,38.0786272,-122.5858688,Aquarius remigis,North American Common Water Strider,Insecta
IVC,3/14/24,38.07636383,-122.58332,Eschscholzia californica,California poppy,Plantae
IVC,3/21/24,38.07577217,-122.5843367,Vicia faba,fava bean,Plantae
IVC,3/21/24,38.07586667,-122.5842778,Vicia faba,fava bean,Plantae
IVC,3/23/24,38.0773733,-122.5766951,Taraxia ovata,Sun Cup,Plantae
IVC,3/25/24,38.0771092,-122.5827026,Gastrophysa cyanea,Blue Dock Beetle,Insecta
IVC,3/25/24,38.0780154,-122.5838914,Glaucopsyche lygdamus incognitus,Behr's Silvery Blue,Insecta
IVC,3/25/24,38.0780089,-122.5838934,Castilleja densiflora,dense-flowered owl's-clover,Plantae
IVC,3/25/24,38.0771322,-122.5854319,Viola pedunculata,California Golden Violet,Plantae
IVC,3/25/24,38.0769838,-122.5855869,Trifolium depauperatum,cowbag clover,Plantae
IVC,3/25/24,38.0782267,-122.5838798,Viola pedunculata,California Golden Violet,Plantae
IVC,3/25/24,38.0776393,-122.5838183,Actinemys marmorata,Northwestern Pond Turtle,Reptilia
IVC,3/25/24,38.0785294,-122.5857588,Taricha torosa,California Newt,Amphibia
IVC,3/25/24,38.0756882,-122.5810868,Gastrophysa cyanea,Blue Dock Beetle,Insecta
IVC,3/25/24,38.0756882,-122.5810868,Trifolium dubium,Lesser hop trefoil,Plantae
IVC,3/25/24,38.0756882,-122.5810868,Glaucopsyche lygdamus,Silvery Blue,Insecta
IVC,3/25/24,38.07803982,-122.5837873,Viola pedunculata,California Golden Violet,Plantae
IVC,3/26/24,38.07751146,-122.5827025,Castilleja densiflora densiflora,,Plantae
IVC,3/26/24,38.07779583,-122.5826363,Leptarctia californiae,California Tiger Moth,Insecta
IVC,3/26/24,38.07697516,-122.5855522,Lupinus nanus,Sky Lupine,Plantae
IVC,3/26/24,38.07711757,-122.5855014,Trifolium depauperatum,cowbag clover,Plantae
IVC,3/25/24,38.0756882,-122.5810868,Pentagramma triangularis,goldback fern,Plantae
IVC,3/25/24,38.0756882,-122.5810868,Glaucopsyche lygdamus,Silvery Blue,Insecta
IVC,3/25/24,38.0756882,-122.5810868,Trifolium willdenovii,tomcat clover,Plantae
IVC,3/25/24,38.0776393,-122.5838183,Sanicula laciniata,laceleaf sanicle,Plantae
IVC,3/25/24,38.0776393,-122.5838183,Lathyrus vestitus,Pacific pea,Plantae
IVC,3/25/24,38.0776393,-122.5838183,Anas platyrhynchos,Mallard,Aves
IVC,3/25/24,38.0776393,-122.5838183,Primula hendersonii,Henderson's shooting star,Plantae
IVC,3/25/24,38.0776393,-122.5838183,Trifolium willdenovii,tomcat clover,Plantae
IVC,3/25/24,38.0776393,-122.5838183,Plectritis ciliosa,longspur seablush,Plantae
IVC,3/25/24,38.0776393,-122.5838183,Calasterella californica,California asterella,Plantae
IVC,3/25/24,38.0776393,-122.5838183,Calasterella californica,California asterella,Plantae
IVC,3/25/24,38.0776393,-122.5838183,Dryopteris arguta,coastal woodfern,Plantae
IVC,3/25/24,38.0776393,-122.5838183,Pedicularis densiflora,Warrior's Plume,Plantae
IVC,3/25/24,38.0776393,-122.5838183,Batrachoseps attenuatus,California Slender Salamander,Amphibia
IVC,3/25/24,38.0776393,-122.5838183,Stemonitopsis typhina,,Protozoa
IVC,3/25/24,38.0776393,-122.5838183,Pieris marginalis,Margined White,Insecta
IVC,3/28/24,38.07567217,-122.584755,Amsinckia menziesii,Common Fiddleneck,Plantae
IVC,3/28/24,38.07677783,-122.5842967,Quercus agrifolia,coast live oak,Plantae
IVC,3/28/24,38.07876117,-122.5859917,Sidalcea malviflora,checkerbloom,Plantae
IVC,4/3/24,38.07533592,-122.5749012,Sanicula crassicaulis,Pacific Sanicle,Plantae
IVC,4/3/24,38.07583333,-122.5754083,Hyalophora euryalus,Ceanothus Silk Moth,Insecta
IVC,4/4/24,38.07407783,-122.5772033,Patagioenas fasciata,Band-tailed Pigeon,Aves
IVC,4/4/24,38.07407783,-122.5772033,Patagioenas fasciata,Band-tailed Pigeon,Aves
IVC,4/24/24,38.08074982,-122.5842849,Danthonia californica,California oatgrass,Plantae
IVC,3/28/24,38.07749824,-122.5842342,Cathartes aura,Turkey Vulture,Aves
IVC,3/28/24,38.07831511,-122.5846751,Haemorhous mexicanus,House Finch,Aves
IVC,3/28/24,38.07777539,-122.584059,Baeolophus inornatus,Oak Titmouse,Aves
IVC,3/28/24,38.07611748,-122.5839539,Leratiomyces percevalii,Mulch Maids,Fungi
IVC,3/28/24,38.07560721,-122.5849514,Hordeum brachyantherum,Meadow barley,Plantae
IVC,3/28/24,38.07537152,-122.5850358,Vicia sativa,Common Vetch,Plantae
IVC,3/28/24,38.07520012,-122.5851387,Erodium botrys,Mediterranean Stork's-bill,Plantae
IVC,3/28/24,38.07508395,-122.5852509,Glaucopsyche lygdamus,Silvery Blue,Insecta
IVC,3/28/24,38.07494996,-122.5853629,Glaucopsyche lygdamus,Silvery Blue,Insecta
IVC,3/28/24,38.07840237,-122.5854001,Parentucellia latifolia,Broadleaf Glandweed,Plantae
IVC,5/1/24,38.07921117,-122.58358,Lupinus nanus,Sky Lupine,Plantae
IVC,5/11/24,38.07443709,-122.5777777,Apis mellifera,Western Honey Bee,Insecta
IVC,3/27/24,38.07625672,-122.5825925,Haemorhous mexicanus,House Finch,Aves
IVC,3/27/24,38.07625672,-122.5825925,Calypte anna,Anna's Hummingbird,Aves
IVC,5/12/24,38.0748945,-122.5781383,Melanerpes formicivorus,Acorn Woodpecker,Aves
IVC,5/12/24,38.074775,-122.5829617,Meleagris gallopavo,Wild Turkey,Aves
IVC,5/12/24,38.0736305,-122.5837383,Odocoileus hemionus columbianus,Columbian Black-tailed Deer,Mammalia
IVC,5/12/24,38.07572778,-122.5811972,Tragopogon porrifolius,purple salsify,Plantae
IVC,5/12/24,38.07480556,-122.5780917,Melanerpes formicivorus,Acorn Woodpecker,Aves
IVC,5/15/24,38.0749445,-122.5853717,Pituophis catenifer catenifer,Pacific Gopher Snake,Reptilia
IVC,4/26/24,38.07502783,-122.5782033,Melanerpes formicivorus,Acorn Woodpecker,Aves
IVC,4/26/24,38.0747945,-122.5777667,Forficula dentata,Western Earwig,Insecta
IVC,5/19/24,38.0775805,-122.5850367,Bellardia viscosa,Yellow Glandweed,Plantae
IVC,5/29/24,38.07318828,-122.5816852,Calochortus luteus,Yellow Mariposa Lily,Plantae
IVC,5/29/24,38.07376389,-122.5831278,Datisca glomerata,durango root,Plantae
IVC,5/29/24,38.07376389,-122.5831278,Erythranthe nasuta,shy monkeyflower,Plantae
IVC,5/29/24,38.07376389,-122.5831278,Pseudacris regilla,Pacific chorus frog,Amphibia
IVC,7/20/24,38.0743445,-122.5788417,Oxidus gracilis,Greenhouse Millipede,Animalia
IVC,7/21/24,38.08091533,-122.5840162,Dittrichia graveolens,Stinkwort,Plantae
IVC,8/8/24,38.07875,-122.5858667,Mantis religiosa,European Mantis,Insecta
IVC,8/8/24,38.079125,-122.5857833,Centromadia fitchii,Fitch's tarweed,Plantae
IVC,8/8/24,38.07991383,-122.5854967,Centromadia fitchii,Fitch's tarweed,Plantae
IVC,8/16/24,38.07721667,-122.5838617,Centromadia fitchii,Fitch's tarweed,Plantae
IVC,8/28/24,38.07675845,-122.5818711,Baeolophus inornatus,Oak Titmouse,Aves
IVC,8/28/24,38.07675845,-122.5818711,Spinus psaltria,Lesser Goldfinch,Aves
IVC,8/28/24,38.07675845,-122.5818711,Baeolophus inornatus,Oak Titmouse,Aves
IVC,8/28/24,38.07675845,-122.5818711,Corvus brachyrhynchos,American Crow,Aves
IVC,8/28/24,38.07675845,-122.5818711,Melanerpes formicivorus,Acorn Woodpecker,Aves
IVC,8/28/24,38.07675845,-122.5818711,Melozone crissalis,California Towhee,Aves
IVC,9/14/24,38.0798805,-122.5828283,Croton setiger,turkey mullein,Plantae
IVC,10/1/24,38.07520502,-122.5744309,Aesculus californica,California buckeye,Plantae
IVC,12/23/23,38.0785345,-122.5857173,Pseudacris regilla,Pacific chorus frog,Amphibia
IVC,12/23/23,38.0785345,-122.5857173,Pseudacris regilla,Pacific chorus frog,Amphibia
IVC,10/23/24,38.07660602,-122.5829174,Calypte anna,Anna's Hummingbird,Aves
IVC,10/23/24,38.07632901,-122.5817873,Corvus brachyrhynchos,American Crow,Aves
IVC,10/23/24,38.07662396,-122.5809486,Sitta carolinensis,White-breasted Nuthatch,Aves
IVC,10/23/24,38.07658501,-122.5810066,Buteo lineatus,Red-shouldered Hawk,Aves
IVC,10/23/24,38.07665766,-122.5811525,Sitta carolinensis,White-breasted Nuthatch,Aves
IVC,11/1/24,38.07751281,-122.5838461,Phoradendron villosum,oak mistletoe,Plantae
IVC,12/24/24,38.07484717,-122.585395,Amanita muscaria flavivolvata,American Fly Agaric,Fungi
IVC,12/25/24,38.0748555,-122.5853717,Amanita muscaria,Fly Agaric,Fungi
IVC,12/27/24,38.0748555,-122.5854117,Amanita muscaria flavivolvata,American Fly Agaric,Fungi
IVC,12/28/24,38.07482663,-122.5852786,Amanita muscaria flavivolvata,American Fly Agaric,Fungi
IVC,12/28/24,38.07638883,-122.584495,Leratiomyces percevalii,Mulch Maids,Fungi
IVC,12/28/24,38.07527364,-122.5850311,Laccaria amethysteo-occidentalis,Western Amethyst Laccaria,Fungi
IVC,1/4/25,38.076825,-122.5830917,Morella californica,Pacific Wax myrtle,Plantae
IVC,1/4/25,38.0784323,-122.5848686,Setophaga coronata,Yellow-rumped Warbler,Aves
IVC,1/4/25,38.07852987,-122.5846449,Sayornis nigricans,Black Phoebe,Aves
IVC,1/4/25,38.07819845,-122.5841185,Junco hyemalis,Dark-eyed Junco,Aves
IVC,11/13/24,38.07744167,-122.583755,Arctostaphylos manzanita manzanita,,Plantae
IVC,11/13/24,38.07991117,-122.5850217,Baccharis pilularis,coyote brush,Plantae
IVC,11/13/24,38.0801555,-122.585205,Corvus brachyrhynchos,American Crow,Aves
IVC,11/13/24,38.08013883,-122.585205,Centromadia fitchii,Fitch's tarweed,Plantae
IVC,1/20/25,38.0785683,-122.5841938,Junco hyemalis,Dark-eyed Junco,Aves
IVC,1/20/25,38.07799401,-122.583593,Hygrophorus roseobrunneus,Rosy Brown Waxy Cap,Fungi
IVC,1/20/25,38.0776393,-122.5838183,Mycena haematopus,Bleeding Fairy Helmet,Fungi
IVC,5/31/24,38.07689183,-122.5850594,Coluber constrictor mormon,Western Yellow-bellied Racer,Reptilia
IVC,5/14/23,38.07685999,-122.5850584,Pituophis catenifer catenifer,Pacific Gopher Snake,Reptilia
IVC,9/26/22,38.07699851,-122.5850783,Crotalus oreganus oreganus,Northern Pacific Rattlesnake,Reptilia
IVC,8/6/21,38.07583883,-122.5844033,Crotalus oreganus oreganus,Northern Pacific Rattlesnake,Reptilia
IVC,1/26/25,38.0789869,-122.5847348,Arctostaphylos manzanita,Common Manzanita,Plantae
IVC,1/29/25,38.07630009,-122.5834754,Corvus corax,Common Raven,Aves
IVC,1/29/25,38.07622919,-122.5838532,Corvus brachyrhynchos,American Crow,Aves
IVC,1/29/25,38.07570337,-122.5847455,Calypte anna,Anna's Hummingbird,Aves
IVC,1/29/25,38.07567824,-122.5847867,Dryocopus pileatus,Pileated Woodpecker,Aves
IVC,1/30/25,38.07846837,-122.5856843,Pseudacris regilla,Pacific chorus frog,Amphibia
IVC,2/22/25,38.07693953,-122.5810931,Corvus brachyrhynchos,American Crow,Aves
IVC,2/22/25,38.07643386,-122.5830825,Sayornis nigricans,Black Phoebe,Aves
IVC,2/22/25,38.0764004,-122.5830587,Haemorhous mexicanus,House Finch,Aves
IVC,2/22/25,38.07651339,-122.583162,Melozone crissalis,California Towhee,Aves
IVC,2/22/25,38.07629166,-122.5833931,Zonotrichia atricapilla,Golden-crowned Sparrow,Aves
IVC,2/22/25,38.07629752,-122.5833613,Junco hyemalis,Dark-eyed Junco,Aves
IVC,2/22/25,38.07631306,-122.5832769,Baeolophus inornatus,Oak Titmouse,Aves
IVC,2/22/25,38.07690596,-122.5844096,Pseudacris regilla,Pacific chorus frog,Amphibia
IVC,2/22/25,38.07691042,-122.5844112,Buteo jamaicensis,Red-tailed Hawk,Aves
IVC,2/22/25,38.07797595,-122.585304,Nymphalis californica,California Tortoiseshell,Insecta
IVC,2/22/25,38.07852967,-122.585732,Anaxyrus boreas,Western Toad,Amphibia
IVC,2/22/25,38.07852689,-122.5857388,Anaxyrus boreas,Western Toad,Amphibia
IVC,2/22/25,38.07852572,-122.5857417,Anaxyrus boreas,Western Toad,Amphibia
IVC,2/22/25,38.07845268,-122.5857054,Anaxyrus boreas,Western Toad,Amphibia
IVC,2/24/25,38.0782445,-122.5841367,Anaxyrus boreas,Western Toad,Amphibia
IVC,3/2/25,38.07902217,-122.58587,Anaxyrus boreas,Western Toad,Amphibia
IVC,3/26/25,38.0771584,-122.5836304,Zonotrichia atricapilla,Golden-crowned Sparrow,Aves
IVC,3/26/25,38.0771584,-122.5836304,Astur cooperii,Cooper's Hawk,Aves
IVC,3/26/25,38.0771584,-122.5836304,Aphelocoma californica,California Scrub-Jay,Aves
IVC,3/26/25,38.0771584,-122.5836304,Bolbitius titubans,yellow fieldcap,Fungi
IVC,3/27/25,38.07723333,-122.5856333,Viola pedunculata,California Golden Violet,Plantae
IVC,3/27/25,38.07699722,-122.5854639,Lupinus nanus,Sky Lupine,Plantae
IVC,3/27/25,38.07699167,-122.5854417,Sanicula bipinnatifida,Purple Sanicle,Plantae
IVC,3/27/25,38.07854445,-122.5856167,Parentucellia latifolia,Broadleaf Glandweed,Plantae
IVC,4/1/25,38.07934167,-122.5849833,Dipterostemon capitatus,blue dicks,Plantae
IVC,4/1/25,38.07965833,-122.5855417,Plagiobothrys nothofulvus,Rusty Popcornflower,Plantae
IVC,4/1/25,38.07767217,-122.5842217,Sanicula laciniata,laceleaf sanicle,Plantae
IVC,4/1/25,38.07712217,-122.5854117,Viola pedunculata,California Golden Violet,Plantae
IVC,4/3/25,38.07979248,-122.5746925,Sidalcea malviflora,checkerbloom,Plantae
IVC,4/3/25,38.07809491,-122.5734141,Dipterostemon capitatus,blue dicks,Plantae
IVC,4/3/25,38.07783448,-122.5733565,Sisyrinchium bellum,western blue-eyed grass,Plantae
IVC,4/8/25,38.0752572,-122.5795836,Taraxia ovata,Sun Cup,Plantae
IVC,4/8/25,38.07504842,-122.5796077,Sisyrinchium bellum,western blue-eyed grass,Plantae
IVC,4/12/25,38.07911667,-122.583825,Erodium botrys,Mediterranean Stork's-bill,Plantae
IVC,4/12/25,38.07984167,-122.5770717,Parentucellia latifolia,Broadleaf Glandweed,Plantae
IVC,4/14/25,38.06912315,-122.5839149,Callophrys augustinus,Brown Elfin,Insecta
IVC,4/18/25,38.07808333,-122.5856633,Lysimachia arvensis,scarlet pimpernel,Plantae
IVC,4/19/25,38.0800555,-122.5853667,Erodium botrys,Mediterranean Stork's-bill,Plantae
IVC,5/2/25,38.0742,-122.5764,Dipterostemon capitatus,blue dicks,Plantae
IVC,5/5/25,38.07620804,-122.5839137,Crotalus oreganus oreganus,Northern Pacific Rattlesnake,Reptilia
IVC,5/7/25,38.0777195,-122.5856167,Odocoileus hemionus,Mule Deer,Mammalia
IVC,5/9/25,38.08041117,-122.5846467,Baccharis pilularis,coyote brush,Plantae
IVC,5/9/25,38.08036667,-122.5753778,Vicia villosa,hairy vetch,Plantae
IVC,5/9/25,38.08036667,-122.5753778,Bellardia viscosa,Yellow Glandweed,Plantae
IVC,5/9/25,38.08013056,-122.5755278,Parentucellia latifolia,Broadleaf Glandweed,Plantae
IVC,5/9/25,38.07963611,-122.5761278,Castilleja densiflora densiflora,,Plantae
IVC,5/9/25,38.07951944,-122.5762333,Eryngium armatum,coastal button-celery,Plantae
IVC,5/9/25,38.07951944,-122.5762333,Wyethia angustifolia,narrowleaf mule-ears,Plantae
IVC,5/9/25,38.07893889,-122.5766083,Sidalcea malviflora,checkerbloom,Plantae
IVC,5/9/25,38.07893889,-122.5766083,Primula hendersonii,Henderson's shooting star,Plantae
IVC,5/9/25,38.07961111,-122.5763306,Trifolium barbigerum,Bearded Clover,Plantae
IVC,5/9/25,38.08028333,-122.581795,Anaxyrus boreas,Western Toad,Amphibia
IVC,5/9/25,38.07952778,-122.5834028,Anaxyrus boreas halophilus,California Toad,Amphibia
IVC,5/9/25,38.07967778,-122.5832444,Anaxyrus boreas,Western Toad,Amphibia
IVC,5/9/25,38.07967778,-122.5832444,Eleodes dentipes,Dentate Stink Beetle,Insecta
IVC,5/9/25,38.07967778,-122.5832444,Alopecosa kochi,Koch's Wolf Spider,Arachnida
IVC,5/9/25,38.08004444,-122.5827861,Anaxyrus boreas,Western Toad,Amphibia
IVC,5/9/25,38.08031944,-122.5819306,Triphysaria pusilla,dwarf owl's-clover,Plantae
IVC,5/9/25,38.08031944,-122.5819306,Anaxyrus boreas,Western Toad,Amphibia
IVC,5/9/25,38.08029168,-122.581846,Anaxyrus boreas,Western Toad,Amphibia
IVC,5/9/25,38.08051667,-122.5805583,Anaxyrus boreas,Western Toad,Amphibia
IVC,5/9/25,38.08050278,-122.5799333,Anaxyrus boreas,Western Toad,Amphibia
IVC,5/9/25,38.08032222,-122.5755639,Anaxyrus boreas halophilus,California Toad,Amphibia
IVC,5/11/25,38.07836117,-122.5852583,Pituophis catenifer,Gopher Snake,Reptilia
IVC,5/11/25,38.08081667,-122.5749667,Parentucellia latifolia,Broadleaf Glandweed,Plantae
IVC,5/11/25,38.08032778,-122.5755667,Castilleja densiflora,dense-flowered owl's-clover,Plantae
IVC,5/11/25,38.07984444,-122.5768444,Trifolium barbigerum,Bearded Clover,Plantae
IVC,5/11/25,38.07979722,-122.5776917,Icaricia acmon,Acmon Blue,Insecta
IVC,5/11/25,38.08034444,-122.5785333,Clarkia purpurea quadrivulnera,four-spot,Plantae
IVC,5/11/25,38.08034444,-122.5785333,Clarkia purpurea,Winecup Clarkia,Plantae
IVC,5/11/25,38.08038889,-122.5791667,Castilleja densiflora,dense-flowered owl's-clover,Plantae
IVC,5/11/25,38.0806,-122.583625,Junonia grisea,Gray Buckeye,Insecta
IVC,5/11/25,38.08061667,-122.5841028,Castilleja densiflora densiflora,,Plantae
IVC,5/11/25,38.08061667,-122.5841028,Eryngium armatum,coastal button-celery,Plantae
IVC,5/11/25,38.08031667,-122.5849917,Sceloporus occidentalis bocourtii,Coast Range Fence Lizard,Reptilia
IVC,5/11/25,38.08031667,-122.5849917,Coenonympha california,Common Ringlet,Insecta
IVC,5/11/25,38.08010556,-122.5853333,Sceloporus occidentalis bocourtii,Coast Range Fence Lizard,Reptilia
IVC,5/11/25,38.07905,-122.5858056,Sceloporus occidentalis bocourtii,Coast Range Fence Lizard,Reptilia
IVC,5/11/25,38.07883056,-122.5858361,Coenonympha california,Common Ringlet,Insecta
IVC,5/11/25,38.07883056,-122.5858361,Sceloporus occidentalis bocourtii,Coast Range Fence Lizard,Reptilia
IVC,5/11/25,38.07878183,-122.5859035,Sidalcea malviflora,checkerbloom,Plantae
IVC,5/11/25,38.07876389,-122.5859167,Sisyrinchium bellum,western blue-eyed grass,Plantae
IVC,5/11/25,38.07852222,-122.58575,Anaxyrus boreas halophilus,California Toad,Amphibia
IVC,5/11/25,38.078875,-122.5838194,Lathyrus angulatus,Angled Pea,Plantae
IVC,5/11/25,38.078875,-122.5838194,Trifolium repens,white clover,Plantae
IVC,5/11/25,38.07995,-122.5829417,Arctostaphylos manzanita,Common Manzanita,Plantae
IVC,5/11/25,38.08028192,-122.5817659,Triphysaria pusilla,dwarf owl's-clover,Plantae
IVC,5/11/25,38.08027426,-122.5818849,Plantago coronopus,Buck's-horn Plantain,Plantae
IVC,5/11/25,38.078875,-122.5838194,Hordeum marinum,salt barley,Plantae
IVC,5/11/25,38.08041667,-122.5792778,Pseudacris regilla,Pacific chorus frog,Amphibia
IVC,5/11/25,38.08039167,-122.5793278,Sceloporus occidentalis bocourtii,Coast Range Fence Lizard,Reptilia
IVC,5/11/25,38.07946111,-122.5777889,Eryngium armatum,coastal button-celery,Plantae
IVC,5/11/25,38.07865556,-122.5773361,Trifolium variegatum,white-tipped clover,Plantae
IVC,5/11/25,38.07836667,-122.5773944,Sisyrinchium bellum,western blue-eyed grass,Plantae
IVC,5/11/25,38.07768056,-122.5771778,Lonicera hispidula,Pink Honeysuckle,Plantae
IVC,5/11/25,38.07768056,-122.5771778,Rubus ursinus,California Blackberry,Plantae
IVC,5/11/25,38.07768056,-122.5771778,Coenonympha california california,California Ringlet,Insecta
IVC,5/11/25,38.076125,-122.5773889,Sidalcea malviflora,checkerbloom,Plantae
IVC,5/11/25,38.07740833,-122.5766361,Diplacus aurantiacus,orange bush monkeyflower,Plantae
IVC,5/11/25,38.07821389,-122.5763917,Arbutus menziesii,Pacific madrone,Plantae
IVC,5/11/25,38.07821389,-122.5763917,Aleuroparadoxus arctostaphyli,,Insecta
IVC,5/11/25,38.07821389,-122.5763917,Pagaronia triunata,,Insecta
IVC,5/11/25,38.07821389,-122.5763917,Lonicera hispidula,Pink Honeysuckle,Plantae
IVC,5/11/25,38.07821389,-122.5763917,Achillea millefolium,common yarrow,Plantae
IVC,5/11/25,38.07894167,-122.5761417,Anisocarpus madioides,woodland madia,Plantae
IVC,5/11/25,38.07894167,-122.5761417,Rhopalomyia californica,Coyote Brush Bud Gall Midge,Insecta
IVC,5/11/25,38.07894167,-122.5761417,Pentagramma triangularis,goldback fern,Plantae
IVC,5/11/25,38.07894167,-122.5761417,Adiantum jordanii,California Maidenhair Fern,Plantae
IVC,5/11/25,38.07894167,-122.5761417,Osmorhiza berteroi,mountain sweet cicely,Plantae
IVC,5/11/25,38.07907222,-122.5751806,Toxicodendron diversilobum,Pacific poison oak,Plantae
IVC,5/11/25,38.07941667,-122.5740611,Micropus californicus,Q-tips,Plantae
IVC,5/11/25,38.07927222,-122.5739528,Triteleia hyacinthina,white brodiaea,Plantae
IVC,5/11/25,38.07927222,-122.5739528,Sanicula bipinnatifida,Purple Sanicle,Plantae
IVC,5/11/25,38.07976389,-122.5746444,Castilleja densiflora,dense-flowered owl's-clover,Plantae
IVC,5/15/25,38.0788305,-122.5858217,Convolvulus arvensis,field bindweed,Plantae
IVC,5/14/25,38.07609444,-122.5828972,Pseudognaphalium californicum,California cudweed,Plantae
IVC,6/3/25,38.0790445,-122.573775,Cynosurus echinatus,bristly dogtail grass,Plantae
IVC,6/3/25,38.07906366,-122.5737711,Cynosurus echinatus,bristly dogtail grass,Plantae
IVC,6/3/25,38.07900283,-122.5738,Triteleia laxa,Ithuriel's Spear,Plantae
IVC,6/6/25,38.07688617,-122.5817033,Odocoileus hemionus columbianus,Columbian Black-tailed Deer,Mammalia
IVC,6/9/25,38.07981111,-122.5780194,Triteleia laxa,Ithuriel's Spear,Plantae
IVC,6/9/25,38.07962778,-122.5778806,Mentha pulegium,Pennyroyal,Plantae
IVC,6/9/25,38.07964444,-122.5779111,Baccharis pilularis,coyote brush,Plantae
IVC,6/9/25,38.07978889,-122.5773167,Plantago lanceolata,ribwort plantain,Plantae
IVC,6/9/25,38.08020833,-122.5784139,Briza maxima,Greater Quaking Grass,Plantae
IVC,6/9/25,38.07977222,-122.5773,Eryngium armatum,coastal button-celery,Plantae
IVC,6/9/25,38.07976111,-122.5773083,Icaricia acmon,Acmon Blue,Insecta
IVC,6/9/25,38.08022778,-122.5785361,Briza maxima,Greater Quaking Grass,Plantae
IVC,6/9/25,38.08032222,-122.5785139,Eryngium armatum,coastal button-celery,Plantae
IVC,6/9/25,38.08032222,-122.5785222,Icaricia acmon,Acmon Blue,Insecta
IVC,6/9/25,38.08018611,-122.5791556,Rubus ursinus,California Blackberry,Plantae
IVC,6/9/25,38.08018889,-122.5791861,Rubus ursinus,California Blackberry,Plantae
IVC,6/9/25,38.07994167,-122.582825,Arctostaphylos manzanita,Common Manzanita,Plantae
IVC,6/9/25,38.07659167,-122.5832583,Hemaris thetis,Rocky Mountain Clearwing,Insecta
IVC,6/9/25,38.07598611,-122.5787111,Odocoileus hemionus columbianus,Columbian Black-tailed Deer,Mammalia
IVC,6/9/25,38.07965556,-122.5779333,Mentha pulegium,Pennyroyal,Plantae
IVC,6/9/25,38.07995278,-122.5828556,Sceloporus occidentalis,Western Fence Lizard,Reptilia
IVC,6/22/25,38.07594086,-122.58519,Icaricia acmon,Acmon Blue,Insecta
IVC,6/23/25,38.07610533,-122.5763977,Odocoileus hemionus,Mule Deer,Mammalia
IVC,10/2/22,38.077725,-122.5851889,Pituophis catenifer catenifer,Pacific Gopher Snake,Reptilia
IVC,6/29/25,38.07853333,-122.5857383,Lepus californicus,Black-tailed Jackrabbit,Mammalia
IVC,6/30/25,38.07512783,-122.5757,Aphelocoma californica,California Scrub-Jay,Aves
IVC,7/2/25,38.07589717,-122.5774,Odocoileus hemionus,Mule Deer,Mammalia
IVC,7/2/25,38.07015556,-122.5748222,Arctostaphylos manzanita,Common Manzanita,Plantae
IVC,4/27/25,38.07849167,-122.5854633,Anaxyrus boreas,Western Toad,Amphibia
IVC,7/4/25,38.07607424,-122.5841816,Sciurus griseus,Western Gray Squirrel,Mammalia
IVC,7/3/25,38.07619163,-122.5838878,Procyon lotor,Common Raccoon,Mammalia
IVC,7/9/25,38.07621,-122.5836863,Procyon lotor,Common Raccoon,Mammalia
IVC,7/19/25,38.07798883,-122.585625,Quercus agrifolia,coast live oak,Plantae
IVC,7/19/25,38.07795283,-122.5856467,Mentha pulegium,Pennyroyal,Plantae
IVC,7/24/25,38.0751156,-122.577061,Sceloporus occidentalis,Western Fence Lizard,Reptilia
IVC,7/28/25,38.07430955,-122.578279,Arbutus menziesii,Pacific madrone,Plantae
IVC,6/1/25,38.07559113,-122.58497,Phalaris aquatica,harding grass,Plantae
IVC,6/1/25,38.07585848,-122.584272,Aesculus californica,California buckeye,Plantae
IVC,6/1/25,38.07634959,-122.5833569,Eschscholzia californica,California poppy,Plantae
IVC,8/25/25,38.078925,-122.58583,Veromessor andrei,Andre's Harvester Ant,Insecta
IVC,9/3/25,38.07661099,-122.5833558,Sayornis nigricans,Black Phoebe,Aves
IVC,9/3/25,38.07683314,-122.583285,Buteo jamaicensis,Red-tailed Hawk,Aves
IVC,9/3/25,38.07668772,-122.5818394,Psaltriparus minimus,Bushtit,Aves
IVC,9/3/25,38.07630426,-122.580636,Baeolophus inornatus,Oak Titmouse,Aves
IVC,9/3/25,38.07649297,-122.5809028,Melanerpes formicivorus,Acorn Woodpecker,Aves
IVC,9/3/25,38.0759113,-122.5811256,Haemorhous mexicanus,House Finch,Aves
IVC,9/3/25,38.07625463,-122.5818127,Vireo huttoni,Hutton's Vireo,Aves
IVC,9/3/25,38.0766725,-122.5813708,Cathartes aura,Turkey Vulture,Aves
IVC,9/3/25,38.07640727,-122.5807443,Junco hyemalis,Dark-eyed Junco,Aves
IVC,9/18/25,38.0743445,-122.5783133,Microcentrum californicum,California Anglewing,Insecta
IVC,9/26/25,38.07985556,-122.5766833,Dryocosmus minusculus,Pumpkin Gall Wasp,Insecta
IVC,9/26/25,38.07971944,-122.5779917,Dittrichia graveolens,Stinkwort,Plantae
IVC,9/26/25,38.07971944,-122.5779917,Quercus kelloggii,California black oak,Plantae
IVC,9/26/25,38.07971944,-122.5779917,Lonicera hispidula,Pink Honeysuckle,Plantae
IVC,9/26/25,38.07903889,-122.5774167,Dryocosmus dubiosus,Two-horned Gall Wasp,Insecta
IVC,9/26/25,38.07903889,-122.5774167,Aleuroplatus coronata,Crown Whitefly,Insecta
IVC,9/26/25,38.079,-122.5774278,Lonicera hispidula,Pink Honeysuckle,Plantae
IVC,9/26/25,38.079,-122.5774278,Gnorimoschema baccharisella,Coyote Brush Stem Gall Moth,Insecta
IVC,9/26/25,38.079,-122.5774278,Arbutus menziesii,Pacific madrone,Plantae
IVC,9/26/25,38.077675,-122.5771944,Baccharis pilularis,coyote brush,Plantae
IVC,9/26/25,38.077675,-122.5771944,Arbutus menziesii,Pacific madrone,Plantae
IVC,9/26/25,38.07608333,-122.5767611,Parthenolecanium quercifex,Oak Lecanium Scale,Insecta
IVC,9/26/25,38.07608333,-122.5767611,Dryocosmus minusculus,Pumpkin Gall Wasp,Insecta
IVC,9/26/25,38.07820278,-122.5768167,Amphibolips quercuspomiformis,Live Oak Apple Gall Wasp,Insecta
IVC,9/26/25,38.07820278,-122.5768167,Arctostaphylos manzanita manzanita,,Plantae
IVC,9/26/25,38.07848333,-122.5767639,Coenonympha california,Common Ringlet,Insecta
IVC,10/10/25,38.079675,-122.5779583,Dittrichia graveolens,Stinkwort,Plantae
IVC,10/10/25,38.07975278,-122.5773,Sceloporus occidentalis,Western Fence Lizard,Reptilia
IVC,10/10/25,38.07976944,-122.5769583,Junonia grisea,Gray Buckeye,Insecta
IVC,10/10/25,38.08022778,-122.575775,Baccharis pilularis,coyote brush,Plantae
IVC,10/10/25,38.08035278,-122.5791389,Junonia grisea,Gray Buckeye,Insecta
IVC,10/16/25,38.0764351,-122.5830021,Pituophis catenifer,Gopher Snake,Reptilia
IVC,10/16/25,38.0757949,-122.5846894,Dryocosmus minusculus,Pumpkin Gall Wasp,Insecta
IVC,10/22/25,38.074825,-122.5781633,Andricus quercuscalifornicus,California Gall Wasp,Insecta
IVC,11/1/25,38.0801195,-122.5851967,Anaxyrus boreas,Western Toad,Amphibia
IVC,4/30/25,38.0801057,-122.5827269,Plestiodon skiltonianus,Western Skink,Reptilia
IVC,10/29/25,38.0778283,-122.5839476,Corvus brachyrhynchos,American Crow,Aves
IVC,10/29/25,38.0778283,-122.5839476,Pieris rapae,Cabbage White,Insecta
IVC,10/29/25,38.0778283,-122.5839476,Sayornis saya,Say's Phoebe,Aves
IVC,10/29/25,38.0778283,-122.5839476,Sayornis nigricans,Black Phoebe,Aves
IVC,10/29/25,38.0778283,-122.5839476,Buteo jamaicensis,Red-tailed Hawk,Aves
IVC,10/29/25,38.0778283,-122.5839476,Melanerpes formicivorus,Acorn Woodpecker,Aves
IVC,10/29/25,38.0778283,-122.5839476,Junco hyemalis,Dark-eyed Junco,Aves
IVC,10/29/25,38.0778283,-122.5839476,Otospermophilus douglasii,Douglas's Ground Squirrel,Mammalia
IVC,10/29/25,38.0778283,-122.5839476,Melanerpes formicivorus,Acorn Woodpecker,Aves
IVC,10/29/25,38.0778283,-122.5839476,Sciurus griseus,Western Gray Squirrel,Mammalia
IVC,10/29/25,38.0778283,-122.5839476,Sciurus griseus,Western Gray Squirrel,Mammalia
IVC,10/29/25,38.0778283,-122.5839476,Poecile rufescens,Chestnut-backed Chickadee,Aves
IVC,10/29/25,38.0778283,-122.5839476,Setophaga coronata,Yellow-rumped Warbler,Aves
IVC,11/8/25,38.0796,-122.5743033,Argiope trifasciata,Banded Garden Spider,Arachnida
IVC,7/9/25,38.07626203,-122.5771023,Mentha pulegium,Pennyroyal,Plantae
IVC,2/24/21,38.072119,-122.575018,Pieris marginalis,Margined White,Insecta
IVC,11/27/25,38.0763336,-122.5747164,Quercus agrifolia,coast live oak,Plantae
IVC,8/31/25,38.07913598,-122.5749944,Lonicera hispidula,Pink Honeysuckle,Plantae
IVC,12/8/25,38.079625,-122.5738472,Tylobolus uncigerus,Black Round Millipede,Animalia
IVC,12/8/25,38.07895,-122.5735639,Tubaria furfuracea,scurfy twiglet,Fungi
IVC,12/8/25,38.07873611,-122.5736111,Agaricus xanthodermus,Yellow Stainer,Fungi
IVC,12/8/25,38.07740278,-122.5734306,Arctostaphylos manzanita,Common Manzanita,Plantae
IVC,12/8/25,38.07740278,-122.5734306,Omphalotus olivascens,western jack-o'-lantern,Fungi
IVC,12/8/25,38.07740278,-122.5734306,Suillellus amygdalinus,Liver Bolete,Fungi
IVC,12/8/25,38.07746667,-122.5734639,Amanita constricta,Constricted Grisette,Fungi
IVC,12/8/25,38.07668889,-122.5734833,Lactarius alnicola,golden milkcap,Fungi
IVC,12/8/25,38.07668333,-122.5733528,Amanita calyptroderma,Coccora,Fungi
IVC,12/8/25,38.07654444,-122.5739139,Collybiopsis quercophila,Oak-leaf Pinwheel,Fungi
IVC,12/8/25,38.07654444,-122.5739139,Amanita phalloides,Deathcap,Fungi
IVC,12/8/25,38.07687222,-122.5767,Amanita calyptroderma,Coccora,Fungi
IVC,12/8/25,38.07796111,-122.5767833,Lactarius alnicola,golden milkcap,Fungi
IVC,12/8/25,38.07822778,-122.5767611,Xystocheir dissecta,,Animalia
IVC,12/8/25,38.07851111,-122.5767278,Xystocheir dissecta,,Animalia
IVC,12/8/25,38.07974444,-122.5760667,Xystocheir dissecta,,Animalia
IVC,11/26/25,38.07604305,-122.5852255,Leratiomyces percevalii,Mulch Maids,Fungi
IVC,12/20/25,38.0750055,-122.5853117,Amanita phalloides,Deathcap,Fungi
IVC,12/20/25,38.0754,-122.58503,Lactarius alnicola,golden milkcap,Fungi
IVC,12/20/25,38.07485833,-122.5853367,Laccaria amethysteo-occidentalis,Western Amethyst Laccaria,Fungi
IVC,12/20/25,38.07501667,-122.585305,Amanita phalloides,Deathcap,Fungi
IVC,12/21/25,38.07474084,-122.5740181,Amanita phalloides,Deathcap,Fungi
IVC,12/26/25,38.0748555,-122.5853717,Amanita muscaria,Fly Agaric,Fungi
IVC,12/27/25,38.07484717,-122.5854117,Amanita muscaria,Fly Agaric,Fungi
IVC,12/27/25,38.0748445,-122.5854333,Lactarius alnicola,golden milkcap,Fungi
IVC,12/27/25,38.07483617,-122.5853883,Amanita muscaria flavivolvata,American Fly Agaric,Fungi
IVC,1/3/26,38.07485283,-122.585395,Amanita muscaria flavivolvata,American Fly Agaric,Fungi
IVC,1/9/26,38.0748445,-122.5854117,Amanita muscaria flavivolvata,American Fly Agaric,Fungi
IVC,1/28/26,38.0762063,-122.5829,Falco sparverius,American Kestrel,Aves
IVC,1/28/26,38.07604678,-122.5825998,Elanus leucurus,White-tailed Kite,Aves
IVC,1/28/26,38.07605656,-122.5824456,Setophaga coronata,Yellow-rumped Warbler,Aves
IVC,1/28/26,38.07768399,-122.5836707,Sialia mexicana,Western Bluebird,Aves
IVC,1/28/26,38.07804862,-122.5840224,Cathartes aura,Turkey Vulture,Aves
IVC,1/28/26,38.07817517,-122.5840209,Zonotrichia leucophrys,White-crowned Sparrow,Aves
IVC,1/28/26,38.07823158,-122.5841222,Zonotrichia leucophrys,White-crowned Sparrow,Aves
IVC,1/28/26,38.07861021,-122.5858266,Zonotrichia atricapilla,Golden-crowned Sparrow,Aves
IVC,1/28/26,38.0785101,-122.5856986,Zonotrichia atricapilla,Golden-crowned Sparrow,Aves
IVC,1/28/26,38.07730826,-122.5829455,Nymphalis antiopa,Mourning Cloak,Insecta
IVC,1/31/26,38.07963576,-122.5858309,Umbellularia californica,California bay,Plantae
IVC,1/31/26,38.0794706,-122.5859341,Lepus californicus,Black-tailed Jackrabbit,Mammalia
IVC,2/6/26,38.07574606,-122.5748782,Garrya elliptica,Coast silk tassel,Plantae
IVC,2/15/26,38.07886117,-122.5858167,Taraxia ovata,Sun Cup,Plantae
IVC,2/15/26,38.07869717,-122.586005,Fragaria vesca,woodland strawberry,Plantae
IVC,2/15/26,38.08006667,-122.5853883,Bolbitius titubans,yellow fieldcap,Fungi
IVC,2/22/26,38.07889025,-122.5766359,Sanicula laciniata,laceleaf sanicle,Plantae
IVC,2/28/26,38.07582505,-122.5776593,Zonotrichia atricapilla,Golden-crowned Sparrow,Aves
IVC,2/28/26,38.07580249,-122.5776777,Woodwardia fimbriata,giant chain fern,Plantae
IVC,2/28/26,38.07844693,-122.5852594,Nymphalis californica,California Tortoiseshell,Insecta
IVC,3/1/26,38.07613542,-122.5818986,Taraxia ovata,Sun Cup,Plantae
IVC,4/17/25,38.07746418,-122.5766002,Parentucellia latifolia,Broadleaf Glandweed,Plantae
IVC,4/17/25,38.07749502,-122.5766424,Trifolium dubium,Lesser hop trefoil,Plantae
IVC,4/17/25,38.07749502,-122.5766424,Plantago erecta,California plantain,Plantae
IVC,3/12/26,38.0763815,-122.5845081,Hippodamia convergens,Convergent Lady Beetle,Insecta
IVC,3/12/26,38.08048747,-122.5808895,Parentucellia latifolia,Broadleaf Glandweed,Plantae
IVC,3/13/26,38.07687956,-122.5835314,Sceloporus occidentalis,Western Fence Lizard,Reptilia
IVC,2/28/26,38.07686158,-122.5807582,Plestiodon skiltonianus,Western Skink,Reptilia
IVC,2/28/26,38.07658039,-122.5797616,Taraxia ovata,Sun Cup,Plantae
IVC,2/28/26,38.0764441,-122.5781987,Sceloporus occidentalis,Western Fence Lizard,Reptilia
IVC,2/28/26,38.07716093,-122.5771541,Ranunculus californicus,California buttercup,Plantae
IVC,2/28/26,38.07960103,-122.577957,Pseudacris regilla,Pacific chorus frog,Amphibia
IVC,2/28/26,38.07976665,-122.577913,Pseudacris regilla,Pacific chorus frog,Amphibia
IVC,2/28/26,38.07979225,-122.5775564,Pseudacris regilla,Pacific chorus frog,Amphibia
IVC,2/28/26,38.08036727,-122.5791695,Glaucopsyche lygdamus,Silvery Blue,Insecta
IVC,2/28/26,38.08034982,-122.5792912,Pseudacris regilla,Pacific chorus frog,Amphibia
IVC,2/28/26,38.0805165,-122.5807285,Glaucopsyche lygdamus,Silvery Blue,Insecta
IVC,2/28/26,38.0803365,-122.5823248,Zonotrichia leucophrys,White-crowned Sparrow,Aves
IVC,2/28/26,38.08061294,-122.5840815,Calypte anna,Anna's Hummingbird,Aves
IVC,2/28/26,38.08060621,-122.5842072,Lepus californicus,Black-tailed Jackrabbit,Mammalia
IVC,2/28/26,38.08042673,-122.5847595,Leratiomyces percevalii,Mulch Maids,Fungi
IVC,2/28/26,38.07994925,-122.5855211,Claytonia perfoliata,miner's lettuce,Plantae
IVC,2/28/26,38.07963019,-122.5858767,Zonotrichia atricapilla,Golden-crowned Sparrow,Aves
IVC,2/28/26,38.07912499,-122.5859021,Glaucopsyche lygdamus,Silvery Blue,Insecta
IVC,2/28/26,38.07849143,-122.5857676,Pseudacris regilla,Pacific chorus frog,Amphibia
IVC,2/28/26,38.07824325,-122.585251,Anaxyrus boreas,Western Toad,Amphibia
IVC,2/28/26,38.07824227,-122.585272,Nymphalis californica,California Tortoiseshell,Insecta
IVC,2/28/26,38.0782672,-122.5853037,Pieris marginalis venosa,Veined White,Insecta
IVC,3/13/26,38.07692217,-122.5828633,Sceloporus occidentalis,Western Fence Lizard,Reptilia
IVC,3/22/26,38.08013883,-122.575945,Trifolium dubium,Lesser hop trefoil,Plantae
IVC,3/22/26,38.0803195,-122.575605,Parentucellia latifolia,Broadleaf Glandweed,Plantae
IVC,3/22/26,38.0803,-122.5755467,Vicia benghalensis,reddish tufted vetch,Plantae
IVC,3/25/26,38.07628858,-122.5828901,Corvus brachyrhynchos,American Crow,Aves
IVC,3/25/26,38.07563463,-122.5781768,Calypte anna,Anna's Hummingbird,Aves
IVC,3/25/26,38.07532228,-122.578145,Melanerpes formicivorus,Acorn Woodpecker,Aves
IVC,3/25/26,38.07678632,-122.5828846,Calypte anna,Anna's Hummingbird,Aves
IVC,3/25/26,38.07571355,-122.5847116,Pieris marginalis,Margined White,Insecta
IVC,3/25/26,38.0754842,-122.5848884,Sceloporus occidentalis,Western Fence Lizard,Reptilia
IVC,3/25/26,38.075957,-122.5851855,Erodium botrys,Mediterranean Stork's-bill,Plantae
IVC,3/25/26,38.07657266,-122.585316,Taraxia ovata,Sun Cup,Plantae
IVC,3/25/26,38.07697875,-122.5856622,Iris macrosiphon,Bowltube Iris,Plantae
IVC,3/26/26,38.07649927,-122.5834914,Setophaga coronata,Yellow-rumped Warbler,Aves
IVC,3/26/26,38.07655455,-122.5834383,Haemorhous mexicanus,House Finch,Aves
IVC,3/26/26,38.07661411,-122.5833467,Junco hyemalis,Dark-eyed Junco,Aves
IVC,3/26/26,38.07664977,-122.5832918,Zonotrichia atricapilla,Golden-crowned Sparrow,Aves
IVC,3/26/26,38.07706105,-122.5827862,Sialia mexicana,Western Bluebird,Aves
IVC,3/26/26,38.07691084,-122.5831819,Hyalophora euryalus,Ceanothus Silk Moth,Insecta
IVC,3/26/26,38.07519772,-122.585189,Eschatocrepis constrictus,,Insecta
IVC,3/26/26,38.07515343,-122.5852421,Taraxia ovata,Sun Cup,Plantae
IVC,3/26/26,38.07837254,-122.5851539,Lepus californicus,Black-tailed Jackrabbit,Mammalia
IVC,3/13/26,38.0772945,-122.5838617,Lysimachia arvensis,scarlet pimpernel,Plantae
IVC,4/4/26,38.07669167,-122.5819633,Crotalus oreganus oreganus,Northern Pacific Rattlesnake,Reptilia
IVC,4/5/26,38.08095,-122.5743944,Dichelostemma congestum,Ookow,Plantae
IVC,4/8/26,38.07545154,-122.5759186,Antheraea polyphemus,Polyphemus Moth,Insecta
IVC,4/9/26,38.07654167,-122.5833967,Hyalophora euryalus,Ceanothus Silk Moth,Insecta
IVC,4/9/26,38.07644412,-122.5826662,Megascops kennicottii,Western Screech-Owl,Aves
IVC,4/9/26,38.07563056,-122.5850444,Crotalus oreganus oreganus,Northern Pacific Rattlesnake,Reptilia
IVC,4/9/26,38.07644862,-122.5827004,Pseudacris regilla,Pacific chorus frog,Amphibia
IVC,4/15/26,38.0798555,-122.5766967,Junonia grisea,Gray Buckeye,Insecta
IVC,4/16/26,38.07675934,-122.5833511,Cistus salviifolius,Sage-leaved Rock-rose,Plantae
IVC,4/5/26,38.08094196,-122.574368,Castilleja densiflora,dense-flowered owl's-clover,Plantae
IVC,4/5/26,38.08095,-122.5743944,Micropus californicus,Q-tips,Plantae
IVC,4/5/26,38.08095,-122.5743944,Acmispon parviflorus,Short-flower Deervetch,Plantae
IVC,4/5/26,38.08095,-122.5743417,Trifolium ciliolatum,Tree Clover,Plantae
IVC,4/5/26,38.08089894,-122.5743201,Trifolium ciliolatum,Tree Clover,Plantae
IVC,4/5/26,38.080725,-122.5737028,Castilleja densiflora,dense-flowered owl's-clover,Plantae
IVC,4/5/26,38.08041389,-122.5734194,Brachysomida californica,,Insecta
IVC,4/5/26,38.07925556,-122.5762861,Trifolium depauperatum,cowbag clover,Plantae
IVC,4/5/26,38.07911389,-122.5765611,Iris macrosiphon,Bowltube Iris,Plantae
IVC,4/25/26,38.07837972,-122.5848672,Tragopogon porrifolius,purple salsify,Plantae
IVC,11/27/25,38.07630543,-122.5740076,Epilobium canum,California fuchsia,Plantae
IVC,11/27/25,38.07666768,-122.575873,Ardea alba,Great Egret,Aves
IVC,11/27/25,38.07663513,-122.5757716,Ardea alba,Great Egret,Aves
IVC,4/27/26,38.08096667,-122.5743867,Sidalcea malviflora,checkerbloom,Plantae
IVC,4/28/26,38.07853333,-122.585755,Sceloporus occidentalis,Western Fence Lizard,Reptilia
IVC,4/25/26,38.07732532,-122.5844099,Arbutus menziesii,Pacific madrone,Plantae
IVC,4/25/26,38.07747768,-122.5843174,Umbellularia californica,California bay,Plantae
IVC,5/3/26,38.07319082,-122.5788266,Odocoileus hemionus columbianus,Columbian Black-tailed Deer,Mammalia
IVC,5/4/26,38.07756111,-122.5734111,Callirhytis quercussuttoni,Gouty Stem Gall Wasp,Insecta
IVC,5/4/26,38.08075278,-122.5837778,Junonia grisea,Gray Buckeye,Insecta
IVC,5/4/26,38.07821111,-122.5840917,Pituophis catenifer catenifer,Pacific Gopher Snake,Reptilia
IVC,5/4/26,38.07711667,-122.5826611,Pituophis catenifer catenifer,Pacific Gopher Snake,Reptilia
IVC,5/6/26,38.07990283,-122.5848,Erodium cicutarium,Redstem Stork's-bill,Plantae
IVC,5/6/26,38.07846117,-122.5848383,Tragopogon porrifolius,purple salsify,Plantae
IVC,5/9/26,38.07938883,-122.576355,Parentucellia latifolia,Broadleaf Glandweed,Plantae
IVC,5/9/26,38.0780055,-122.5767883,Trifolium barbigerum,Bearded Clover,Plantae
IVC,5/9/26,38.07670283,-122.57373,Trifolium glomeratum,Clustered clover,Plantae
IVC,5/9/26,38.07663617,-122.5737083,Trifolium striatum,Knotted clover,Plantae
IVC,5/9/26,38.07608333,-122.5734717,Hippodamia sinuata sinuata,,Insecta
IVC,4/27/26,38.08075,-122.5738,Micropus californicus,Q-tips,Plantae
IVC,4/27/26,38.0805805,-122.5735083,Bombus californicus,California Bumble Bee,Insecta
IVC,4/27/26,38.08061667,-122.573525,Clarkia purpurea,Winecup Clarkia,Plantae
IVC,4/27/26,38.08065,-122.5735633,Wyethia angustifolia,narrowleaf mule-ears,Plantae
IVC,5/11/26,38.0756982,-122.5763167,Crotalus oreganus oreganus,Northern Pacific Rattlesnake,Reptilia
IVC,10/11/20,38.07653883,-122.57705,Frangula californica,coffeeberry,Plantae
IVC,3/25/26,38.078675,-122.5859617,Pituophis catenifer catenifer,Pacific Gopher Snake,Reptilia
IVC,5/27/26,38.0785555,-122.5856783,Calvatia booniana,Western Giant Puffball,Fungi
IVC,5/27/26,38.07841383,-122.5854417,Pituophis catenifer catenifer,Pacific Gopher Snake,Reptilia
IVC,5/23/25,38.07493971,-122.5749606,Lysimachia arvensis,scarlet pimpernel,Plantae